"","time","1","2","3","4","5","6","7","8","9","10","11","12","13","14","15","16","17","18","19","20","21"
"1",2012-10-28 00:05:00,1.11,1.111,1.103,1.097,1.096,1.126,1.103,1.119,1.106,1.12,1.114,1.115,1.114,1.101,1.106,1.113,1.113,1.111,1.106,1.119,1.125
"2",2012-10-28 00:15:00,1.091,1.092,1.084,1.078,1.079,1.109,1.084,1.099,1.087,1.101,1.097,1.096,1.095,1.08,1.082,1.094,1.095,1.093,1.087,1.1,1.107
"3",2012-10-28 00:25:00,1.065,1.068,1.059,1.052,1.053,1.084,1.057,1.073,1.06,1.075,1.073,1.069,1.068,1.052,1.055,1.067,1.071,1.065,1.062,1.072,1.082
"4",2012-10-28 00:35:00,1.032,1.035,1.026,1.019,1.022,1.052,1.022,1.041,1.025,1.04,1.039,1.037,1.034,1.02,1.021,1.032,1.039,1.031,1.028,1.039,1.049
"5",2012-10-28 00:45:00,0.992,0.997,0.986,0.98,0.984,1.011,0.981,1.003,0.984,1,1,0.998,0.996,0.983,0.981,0.992,1,0.992,0.988,1,1.009
"6",2012-10-28 00:55:00,0.949,0.955,0.943,0.939,0.943,0.97,0.936,0.959,0.94,0.956,0.957,0.953,0.952,0.942,0.937,0.949,0.96,0.949,0.944,0.959,0.966
"7",2012-10-28 01:05:00,0.904,0.909,0.898,0.892,0.899,0.925,0.889,0.912,0.894,0.909,0.913,0.906,0.905,0.896,0.89,0.903,0.918,0.903,0.897,0.913,0.919
"8",2012-10-28 01:15:00,0.854,0.859,0.848,0.843,0.851,0.873,0.837,0.86,0.843,0.86,0.864,0.857,0.853,0.845,0.843,0.852,0.871,0.853,0.849,0.863,0.868
"9",2012-10-28 01:25:00,0.802,0.805,0.796,0.79,0.798,0.819,0.782,0.807,0.789,0.807,0.812,0.805,0.8,0.795,0.792,0.798,0.819,0.801,0.799,0.81,0.814
"10",2012-10-28 01:35:00,0.75,0.755,0.746,0.74,0.745,0.763,0.732,0.754,0.736,0.754,0.759,0.752,0.749,0.747,0.739,0.745,0.769,0.75,0.747,0.758,0.758
"11",2012-10-28 01:45:00,0.698,0.702,0.698,0.69,0.695,0.712,0.681,0.702,0.682,0.702,0.707,0.7,0.697,0.697,0.689,0.694,0.72,0.699,0.695,0.708,0.705
"12",2012-10-28 01:55:00,0.645,0.646,0.647,0.638,0.642,0.657,0.627,0.647,0.627,0.65,0.655,0.647,0.642,0.646,0.637,0.639,0.669,0.646,0.641,0.656,0.649
"13",2012-10-28 02:05:00,0.589,0.589,0.595,0.584,0.588,0.601,0.571,0.59,0.572,0.596,0.602,0.591,0.588,0.593,0.583,0.582,0.615,0.593,0.587,0.599,0.592
"14",2012-10-28 02:15:00,0.533,0.531,0.543,0.528,0.533,0.545,0.515,0.534,0.514,0.542,0.547,0.535,0.533,0.541,0.528,0.526,0.56,0.538,0.531,0.542,0.533
"15",2012-10-28 02:25:00,0.477,0.473,0.49,0.475,0.478,0.488,0.461,0.478,0.456,0.489,0.49,0.481,0.479,0.488,0.472,0.47,0.505,0.483,0.474,0.486,0.475
"16",2012-10-28 02:35:00,0.422,0.415,0.437,0.421,0.425,0.431,0.406,0.423,0.398,0.435,0.434,0.428,0.423,0.434,0.419,0.415,0.448,0.427,0.418,0.43,0.417
"17",2012-10-28 02:45:00,0.363,0.354,0.378,0.36,0.368,0.369,0.347,0.364,0.337,0.378,0.376,0.371,0.363,0.378,0.361,0.356,0.388,0.367,0.358,0.37,0.356
"18",2012-10-28 02:55:00,0.303,0.293,0.319,0.3,0.309,0.307,0.288,0.305,0.275,0.321,0.316,0.312,0.303,0.321,0.3,0.296,0.326,0.308,0.298,0.308,0.295
"19",2012-10-28 03:05:00,0.242,0.231,0.258,0.239,0.248,0.244,0.225,0.247,0.211,0.261,0.255,0.252,0.242,0.263,0.24,0.235,0.262,0.248,0.237,0.246,0.231
"20",2012-10-28 03:15:00,0.185,0.17,0.202,0.179,0.19,0.183,0.166,0.19,0.152,0.206,0.197,0.196,0.183,0.209,0.182,0.176,0.201,0.191,0.176,0.189,0.172
"21",2012-10-28 03:25:00,0.13,0.113,0.147,0.122,0.135,0.126,0.111,0.135,0.096,0.154,0.14,0.141,0.127,0.155,0.127,0.122,0.144,0.137,0.119,0.134,0.114
"22",2012-10-28 03:35:00,0.077,0.06,0.094,0.067,0.082,0.07,0.058,0.083,0.04,0.103,0.086,0.089,0.072,0.102,0.073,0.071,0.088,0.085,0.066,0.081,0.059
"23",2012-10-28 03:45:00,0.028,0.011,0.047,0.017,0.034,0.019,0.011,0.037,-0.009,0.058,0.037,0.042,0.02,0.055,0.024,0.024,0.036,0.037,0.018,0.036,0.011
"24",2012-10-28 03:55:00,-0.015,-0.032,0.006,-0.027,-0.009,-0.026,-0.031,-0.005,-0.051,0.018,-0.006,0.001,-0.024,0.014,-0.019,-0.018,-0.01,-0.003,-0.025,-0.006,-0.034
"25",2012-10-28 04:05:00,-0.056,-0.072,-0.034,-0.069,-0.051,-0.068,-0.07,-0.045,-0.091,-0.021,-0.048,-0.038,-0.064,-0.025,-0.06,-0.057,-0.054,-0.041,-0.066,-0.045,-0.076
"26",2012-10-28 04:15:00,-0.092,-0.108,-0.069,-0.106,-0.089,-0.105,-0.105,-0.081,-0.126,-0.055,-0.086,-0.074,-0.101,-0.061,-0.096,-0.094,-0.093,-0.076,-0.103,-0.079,-0.113
"27",2012-10-28 04:25:00,-0.127,-0.142,-0.104,-0.142,-0.124,-0.139,-0.138,-0.118,-0.159,-0.089,-0.12,-0.108,-0.136,-0.096,-0.132,-0.126,-0.13,-0.109,-0.138,-0.111,-0.146
"28",2012-10-28 04:35:00,-0.159,-0.171,-0.137,-0.175,-0.155,-0.172,-0.166,-0.15,-0.19,-0.118,-0.152,-0.14,-0.169,-0.129,-0.165,-0.157,-0.164,-0.14,-0.169,-0.138,-0.177
"29",2012-10-28 04:45:00,-0.187,-0.197,-0.166,-0.203,-0.183,-0.2,-0.191,-0.177,-0.216,-0.144,-0.179,-0.166,-0.198,-0.158,-0.192,-0.184,-0.195,-0.166,-0.196,-0.163,-0.203
"30",2012-10-28 04:55:00,-0.21,-0.221,-0.192,-0.231,-0.209,-0.224,-0.212,-0.201,-0.239,-0.169,-0.202,-0.188,-0.22,-0.181,-0.216,-0.208,-0.222,-0.189,-0.22,-0.185,-0.228
"31",2012-10-28 05:05:00,-0.233,-0.245,-0.219,-0.257,-0.234,-0.247,-0.232,-0.226,-0.261,-0.193,-0.227,-0.21,-0.244,-0.207,-0.241,-0.231,-0.249,-0.212,-0.243,-0.205,-0.252
"32",2012-10-28 05:15:00,-0.253,-0.263,-0.24,-0.277,-0.254,-0.267,-0.249,-0.247,-0.279,-0.214,-0.247,-0.23,-0.266,-0.228,-0.263,-0.25,-0.271,-0.232,-0.261,-0.222,-0.27
"33",2012-10-28 05:25:00,-0.269,-0.275,-0.256,-0.293,-0.269,-0.28,-0.262,-0.265,-0.292,-0.229,-0.261,-0.247,-0.283,-0.246,-0.278,-0.264,-0.288,-0.248,-0.275,-0.234,-0.282
"34",2012-10-28 05:35:00,-0.277,-0.282,-0.265,-0.302,-0.278,-0.286,-0.267,-0.275,-0.298,-0.239,-0.269,-0.256,-0.294,-0.256,-0.285,-0.271,-0.296,-0.256,-0.282,-0.239,-0.288
"35",2012-10-28 05:45:00,-0.279,-0.285,-0.269,-0.307,-0.283,-0.29,-0.266,-0.28,-0.299,-0.245,-0.272,-0.258,-0.297,-0.259,-0.288,-0.275,-0.302,-0.257,-0.285,-0.243,-0.29
"36",2012-10-28 05:55:00,-0.277,-0.283,-0.268,-0.305,-0.283,-0.287,-0.26,-0.281,-0.296,-0.247,-0.272,-0.256,-0.292,-0.258,-0.287,-0.274,-0.302,-0.254,-0.283,-0.24,-0.288
"37",2012-10-28 06:05:00,-0.269,-0.272,-0.258,-0.295,-0.274,-0.276,-0.248,-0.276,-0.285,-0.242,-0.265,-0.25,-0.284,-0.253,-0.279,-0.264,-0.293,-0.245,-0.273,-0.23,-0.277
"38",2012-10-28 06:15:00,-0.252,-0.252,-0.239,-0.275,-0.256,-0.258,-0.227,-0.262,-0.266,-0.228,-0.251,-0.235,-0.269,-0.24,-0.262,-0.245,-0.274,-0.228,-0.254,-0.211,-0.257
"39",2012-10-28 06:25:00,-0.224,-0.219,-0.208,-0.243,-0.227,-0.227,-0.195,-0.236,-0.235,-0.202,-0.224,-0.209,-0.242,-0.214,-0.233,-0.215,-0.243,-0.2,-0.222,-0.181,-0.225
"40",2012-10-28 06:35:00,-0.187,-0.181,-0.17,-0.203,-0.189,-0.187,-0.154,-0.2,-0.195,-0.171,-0.187,-0.172,-0.204,-0.176,-0.193,-0.178,-0.205,-0.161,-0.183,-0.143,-0.187
"41",2012-10-28 06:45:00,-0.144,-0.138,-0.128,-0.16,-0.149,-0.142,-0.107,-0.161,-0.149,-0.136,-0.147,-0.129,-0.157,-0.134,-0.151,-0.136,-0.164,-0.117,-0.142,-0.103,-0.145
"42",2012-10-28 06:55:00,-0.097,-0.088,-0.08,-0.108,-0.102,-0.091,-0.057,-0.116,-0.101,-0.096,-0.103,-0.084,-0.108,-0.089,-0.104,-0.088,-0.115,-0.069,-0.096,-0.056,-0.095
"43",2012-10-28 07:05:00,-0.041,-0.03,-0.023,-0.049,-0.044,-0.032,0,-0.063,-0.045,-0.046,-0.049,-0.029,-0.054,-0.036,-0.049,-0.032,-0.057,-0.014,-0.04,-0.001,-0.038
"44",2012-10-28 07:15:00,0.022,0.037,0.043,0.017,0.022,0.034,0.065,-0.001,0.019,0.013,0.013,0.033,0.008,0.025,0.014,0.033,0.009,0.048,0.024,0.062,0.028
"45",2012-10-28 07:25:00,0.094,0.108,0.114,0.09,0.095,0.108,0.136,0.069,0.088,0.077,0.08,0.101,0.077,0.096,0.083,0.103,0.081,0.118,0.093,0.129,0.099
"46",2012-10-28 07:35:00,0.168,0.181,0.186,0.164,0.168,0.184,0.209,0.144,0.159,0.143,0.15,0.176,0.151,0.169,0.154,0.175,0.153,0.19,0.165,0.199,0.171
"47",2012-10-28 07:45:00,0.243,0.257,0.264,0.242,0.245,0.261,0.282,0.219,0.231,0.213,0.222,0.25,0.226,0.243,0.227,0.25,0.229,0.262,0.238,0.27,0.247
"48",2012-10-28 07:55:00,0.32,0.333,0.344,0.322,0.326,0.341,0.356,0.296,0.305,0.288,0.296,0.326,0.3,0.321,0.301,0.327,0.309,0.337,0.314,0.344,0.327
"49",2012-10-28 08:05:00,0.4,0.412,0.425,0.403,0.408,0.421,0.432,0.379,0.383,0.366,0.373,0.405,0.378,0.401,0.379,0.406,0.389,0.415,0.394,0.42,0.408
"50",2012-10-28 08:15:00,0.478,0.491,0.506,0.483,0.489,0.499,0.508,0.46,0.46,0.443,0.451,0.483,0.457,0.482,0.458,0.483,0.468,0.493,0.471,0.493,0.487
"51",2012-10-28 08:25:00,0.556,0.565,0.584,0.56,0.566,0.577,0.581,0.539,0.536,0.519,0.526,0.56,0.534,0.56,0.533,0.557,0.545,0.568,0.545,0.563,0.563
"52",2012-10-28 08:35:00,0.63,0.636,0.658,0.635,0.642,0.649,0.651,0.615,0.61,0.591,0.597,0.634,0.609,0.635,0.606,0.629,0.62,0.641,0.615,0.631,0.636
"53",2012-10-28 08:45:00,0.701,0.707,0.733,0.708,0.717,0.72,0.718,0.689,0.683,0.662,0.666,0.705,0.682,0.709,0.677,0.7,0.694,0.711,0.687,0.698,0.71
"54",2012-10-28 08:55:00,0.77,0.777,0.805,0.779,0.79,0.789,0.784,0.762,0.754,0.732,0.735,0.774,0.752,0.78,0.748,0.77,0.767,0.78,0.756,0.765,0.781
"55",2012-10-28 09:05:00,0.839,0.843,0.874,0.849,0.861,0.858,0.849,0.833,0.825,0.802,0.805,0.843,0.822,0.852,0.82,0.839,0.838,0.848,0.825,0.831,0.85
"56",2012-10-28 09:15:00,0.902,0.907,0.939,0.914,0.926,0.922,0.911,0.899,0.893,0.867,0.871,0.908,0.89,0.916,0.886,0.904,0.903,0.913,0.888,0.894,0.915
"57",2012-10-28 09:25:00,0.965,0.969,1.001,0.976,0.991,0.983,0.972,0.963,0.959,0.932,0.935,0.97,0.954,0.98,0.95,0.968,0.966,0.973,0.95,0.956,0.98
"58",2012-10-28 09:35:00,1.026,1.028,1.062,1.038,1.054,1.042,1.031,1.025,1.021,0.997,0.997,1.03,1.016,1.041,1.012,1.03,1.028,1.03,1.011,1.017,1.042
"59",2012-10-28 09:45:00,1.083,1.085,1.118,1.095,1.112,1.098,1.086,1.084,1.081,1.06,1.056,1.088,1.072,1.098,1.071,1.087,1.087,1.085,1.07,1.074,1.099
"60",2012-10-28 09:55:00,1.136,1.135,1.169,1.146,1.165,1.148,1.138,1.137,1.138,1.117,1.109,1.14,1.125,1.152,1.126,1.14,1.139,1.136,1.123,1.125,1.151
"61",2012-10-28 10:05:00,1.183,1.18,1.213,1.19,1.211,1.191,1.184,1.182,1.187,1.167,1.156,1.185,1.173,1.199,1.174,1.186,1.185,1.181,1.17,1.17,1.196
"62",2012-10-28 10:15:00,1.222,1.219,1.252,1.229,1.252,1.228,1.226,1.223,1.229,1.214,1.198,1.224,1.213,1.239,1.216,1.227,1.226,1.218,1.213,1.212,1.238
"63",2012-10-28 10:25:00,1.258,1.255,1.288,1.264,1.29,1.262,1.263,1.26,1.268,1.258,1.237,1.259,1.248,1.276,1.255,1.265,1.263,1.254,1.252,1.251,1.274
"64",2012-10-28 10:35:00,1.29,1.283,1.316,1.293,1.321,1.29,1.296,1.291,1.303,1.294,1.27,1.288,1.28,1.308,1.29,1.298,1.294,1.286,1.285,1.284,1.304
"65",2012-10-28 10:45:00,1.316,1.305,1.338,1.316,1.345,1.311,1.323,1.316,1.33,1.323,1.298,1.311,1.309,1.334,1.318,1.323,1.318,1.31,1.31,1.31,1.328
"66",2012-10-28 10:55:00,1.336,1.326,1.357,1.336,1.365,1.328,1.345,1.334,1.352,1.347,1.321,1.328,1.33,1.353,1.34,1.345,1.34,1.328,1.333,1.334,1.349
"67",2012-10-28 11:05:00,1.354,1.343,1.372,1.353,1.383,1.344,1.365,1.35,1.374,1.37,1.341,1.344,1.348,1.369,1.359,1.367,1.36,1.344,1.355,1.357,1.369
"68",2012-10-28 11:15:00,1.371,1.36,1.387,1.369,1.397,1.358,1.386,1.365,1.394,1.389,1.361,1.359,1.366,1.385,1.379,1.386,1.378,1.36,1.376,1.377,1.385
"69",2012-10-28 11:25:00,1.388,1.376,1.401,1.385,1.413,1.372,1.406,1.38,1.413,1.404,1.379,1.373,1.386,1.399,1.398,1.403,1.394,1.374,1.395,1.397,1.402
"70",2012-10-28 11:35:00,1.402,1.391,1.413,1.399,1.426,1.387,1.422,1.393,1.427,1.418,1.395,1.387,1.402,1.413,1.413,1.417,1.407,1.387,1.41,1.415,1.417
"71",2012-10-28 11:45:00,1.416,1.409,1.423,1.415,1.438,1.4,1.439,1.404,1.439,1.433,1.411,1.398,1.415,1.425,1.428,1.433,1.421,1.4,1.425,1.434,1.432
"72",2012-10-28 11:55:00,1.431,1.421,1.435,1.427,1.449,1.413,1.455,1.417,1.453,1.449,1.424,1.409,1.427,1.437,1.444,1.447,1.435,1.41,1.44,1.45,1.444
"73",2012-10-28 12:05:00,1.443,1.431,1.444,1.436,1.458,1.42,1.467,1.427,1.462,1.458,1.435,1.419,1.441,1.447,1.453,1.455,1.443,1.419,1.453,1.463,1.452
"74",2012-10-28 12:15:00,1.448,1.436,1.448,1.444,1.463,1.425,1.474,1.432,1.467,1.46,1.444,1.424,1.45,1.452,1.46,1.459,1.448,1.426,1.46,1.473,1.459
"75",2012-10-28 12:25:00,1.451,1.442,1.451,1.448,1.465,1.428,1.475,1.435,1.469,1.463,1.444,1.425,1.453,1.453,1.463,1.461,1.451,1.426,1.463,1.476,1.462
"76",2012-10-28 12:35:00,1.447,1.44,1.447,1.444,1.461,1.424,1.47,1.434,1.462,1.459,1.44,1.42,1.452,1.449,1.456,1.455,1.447,1.421,1.46,1.472,1.457
"77",2012-10-28 12:45:00,1.437,1.432,1.439,1.436,1.453,1.416,1.46,1.427,1.451,1.446,1.432,1.412,1.445,1.439,1.444,1.443,1.438,1.413,1.451,1.463,1.446
"78",2012-10-28 12:55:00,1.423,1.417,1.424,1.422,1.438,1.4,1.443,1.413,1.433,1.426,1.416,1.399,1.435,1.425,1.429,1.425,1.426,1.398,1.437,1.446,1.43
"79",2012-10-28 13:05:00,1.4,1.397,1.404,1.403,1.418,1.378,1.42,1.393,1.409,1.399,1.394,1.379,1.416,1.404,1.406,1.401,1.406,1.375,1.417,1.423,1.408
"80",2012-10-28 13:15:00,1.371,1.374,1.379,1.376,1.387,1.349,1.39,1.366,1.377,1.367,1.364,1.35,1.39,1.376,1.377,1.37,1.379,1.344,1.391,1.393,1.378
"81",2012-10-28 13:25:00,1.336,1.338,1.343,1.341,1.35,1.313,1.353,1.329,1.34,1.327,1.329,1.315,1.354,1.34,1.34,1.332,1.343,1.305,1.357,1.357,1.34
"82",2012-10-28 13:35:00,1.298,1.301,1.306,1.304,1.31,1.274,1.314,1.29,1.3,1.279,1.29,1.278,1.315,1.301,1.3,1.292,1.304,1.264,1.32,1.315,1.298
"83",2012-10-28 13:45:00,1.255,1.26,1.266,1.263,1.265,1.232,1.271,1.245,1.253,1.228,1.244,1.236,1.272,1.258,1.255,1.245,1.259,1.22,1.276,1.269,1.252
"84",2012-10-28 13:55:00,1.207,1.215,1.222,1.218,1.218,1.186,1.224,1.199,1.202,1.176,1.196,1.191,1.225,1.213,1.204,1.194,1.211,1.171,1.229,1.219,1.206
"85",2012-10-28 14:05:00,1.158,1.169,1.175,1.173,1.17,1.14,1.173,1.149,1.149,1.124,1.145,1.143,1.174,1.167,1.151,1.143,1.163,1.121,1.181,1.17,1.157
"86",2012-10-28 14:15:00,1.111,1.118,1.128,1.123,1.12,1.092,1.123,1.098,1.096,1.071,1.095,1.095,1.121,1.12,1.099,1.094,1.112,1.069,1.132,1.117,1.103
"87",2012-10-28 14:25:00,1.057,1.064,1.078,1.069,1.067,1.04,1.07,1.047,1.038,1.013,1.039,1.043,1.067,1.067,1.043,1.036,1.056,1.016,1.078,1.06,1.045
"88",2012-10-28 14:35:00,0.999,1.006,1.024,1.014,1.014,0.984,1.012,0.99,0.976,0.952,0.981,0.988,1.009,1.011,0.983,0.977,0.998,0.963,1.019,1,0.986
"89",2012-10-28 14:45:00,0.938,0.946,0.967,0.955,0.956,0.926,0.95,0.931,0.912,0.891,0.919,0.929,0.944,0.952,0.919,0.915,0.938,0.906,0.957,0.936,0.926
"90",2012-10-28 14:55:00,0.875,0.883,0.906,0.892,0.892,0.864,0.885,0.867,0.846,0.828,0.854,0.865,0.877,0.891,0.854,0.851,0.874,0.841,0.893,0.869,0.862
"91",2012-10-28 15:05:00,0.808,0.812,0.84,0.823,0.825,0.798,0.817,0.8,0.776,0.76,0.786,0.797,0.807,0.825,0.783,0.783,0.803,0.775,0.823,0.797,0.79
"92",2012-10-28 15:15:00,0.736,0.741,0.77,0.753,0.754,0.728,0.745,0.729,0.701,0.688,0.716,0.726,0.733,0.756,0.712,0.712,0.732,0.707,0.751,0.725,0.718
"93",2012-10-28 15:25:00,0.665,0.67,0.699,0.682,0.682,0.656,0.67,0.656,0.627,0.618,0.644,0.655,0.658,0.685,0.64,0.641,0.661,0.637,0.679,0.651,0.647
"94",2012-10-28 15:35:00,0.595,0.601,0.63,0.611,0.61,0.587,0.598,0.587,0.554,0.55,0.575,0.585,0.584,0.617,0.568,0.572,0.592,0.571,0.609,0.577,0.578
"95",2012-10-28 15:45:00,0.526,0.532,0.564,0.543,0.54,0.519,0.53,0.519,0.483,0.486,0.51,0.518,0.512,0.553,0.499,0.505,0.522,0.508,0.539,0.511,0.51
"96",2012-10-28 15:55:00,0.461,0.464,0.498,0.477,0.474,0.456,0.464,0.452,0.419,0.424,0.446,0.453,0.442,0.488,0.434,0.443,0.453,0.446,0.472,0.447,0.444
"97",2012-10-28 16:05:00,0.406,0.403,0.437,0.417,0.414,0.4,0.404,0.394,0.364,0.37,0.389,0.396,0.381,0.431,0.376,0.388,0.393,0.394,0.412,0.388,0.386
"98",2012-10-28 16:15:00,0.356,0.347,0.385,0.361,0.36,0.347,0.35,0.343,0.311,0.321,0.34,0.346,0.325,0.38,0.321,0.337,0.339,0.348,0.358,0.335,0.334
"99",2012-10-28 16:25:00,0.308,0.295,0.334,0.309,0.309,0.298,0.298,0.294,0.263,0.277,0.291,0.299,0.272,0.331,0.267,0.288,0.29,0.305,0.307,0.285,0.286
"100",2012-10-28 16:35:00,0.262,0.245,0.285,0.26,0.261,0.251,0.25,0.25,0.217,0.237,0.246,0.253,0.222,0.286,0.218,0.244,0.244,0.264,0.258,0.24,0.241
"101",2012-10-28 16:45:00,0.22,0.199,0.239,0.215,0.218,0.208,0.206,0.21,0.173,0.201,0.206,0.21,0.176,0.244,0.173,0.205,0.201,0.226,0.213,0.198,0.199
"102",2012-10-28 16:55:00,0.184,0.157,0.196,0.175,0.178,0.169,0.167,0.175,0.134,0.168,0.17,0.172,0.134,0.206,0.134,0.169,0.161,0.193,0.172,0.159,0.16
"103",2012-10-28 17:05:00,0.151,0.119,0.161,0.137,0.143,0.132,0.133,0.145,0.101,0.139,0.139,0.14,0.098,0.172,0.1,0.136,0.129,0.168,0.136,0.125,0.127
"104",2012-10-28 17:15:00,0.118,0.085,0.126,0.099,0.109,0.097,0.099,0.116,0.068,0.11,0.11,0.108,0.063,0.14,0.066,0.103,0.099,0.14,0.101,0.094,0.095
"105",2012-10-28 17:25:00,0.085,0.05,0.089,0.063,0.075,0.063,0.064,0.084,0.035,0.082,0.079,0.075,0.027,0.109,0.031,0.07,0.066,0.112,0.065,0.063,0.061
"106",2012-10-28 17:35:00,0.058,0.019,0.056,0.033,0.047,0.034,0.035,0.056,0.006,0.058,0.053,0.046,-0.004,0.082,0.001,0.042,0.037,0.086,0.034,0.036,0.03
"107",2012-10-28 17:45:00,0.036,-0.008,0.027,0.007,0.023,0.011,0.012,0.034,-0.019,0.037,0.031,0.021,-0.03,0.061,-0.024,0.019,0.011,0.068,0.008,0.014,0.004
"108",2012-10-28 17:55:00,0.017,-0.028,0.005,-0.019,0.001,-0.01,-0.007,0.017,-0.039,0.019,0.015,0.006,-0.052,0.046,-0.044,-0.002,-0.008,0.055,-0.014,-0.002,-0.016
"109",2012-10-28 18:05:00,-0.001,-0.043,-0.012,-0.039,-0.017,-0.029,-0.023,0.001,-0.056,0.003,0.001,-0.006,-0.071,0.032,-0.062,-0.021,-0.022,0.044,-0.032,-0.016,-0.033
"110",2012-10-28 18:15:00,-0.013,-0.054,-0.027,-0.053,-0.029,-0.041,-0.033,-0.011,-0.067,-0.008,-0.009,-0.016,-0.084,0.022,-0.075,-0.033,-0.035,0.034,-0.045,-0.025,-0.047
"111",2012-10-28 18:25:00,-0.017,-0.06,-0.036,-0.058,-0.032,-0.043,-0.036,-0.015,-0.072,-0.012,-0.01,-0.019,-0.089,0.021,-0.081,-0.037,-0.042,0.032,-0.051,-0.027,-0.054
"112",2012-10-28 18:35:00,-0.01,-0.055,-0.037,-0.055,-0.025,-0.034,-0.029,-0.01,-0.067,-0.007,-0.003,-0.012,-0.084,0.029,-0.077,-0.03,-0.041,0.039,-0.047,-0.02,-0.05
"113",2012-10-28 18:45:00,0.005,-0.041,-0.027,-0.048,-0.015,-0.018,-0.014,0.004,-0.053,0.005,0.012,0.006,-0.069,0.047,-0.064,-0.017,-0.03,0.056,-0.035,-0.003,-0.036
"114",2012-10-28 18:55:00,0.022,-0.022,-0.008,-0.035,0.001,0.001,0.005,0.023,-0.035,0.02,0.032,0.03,-0.052,0.069,-0.049,-0.001,-0.012,0.076,-0.02,0.018,-0.018
"115",2012-10-28 19:05:00,0.044,0.003,0.011,-0.014,0.024,0.025,0.028,0.045,-0.015,0.04,0.055,0.054,-0.03,0.094,-0.029,0.021,0.009,0.097,0.001,0.043,0.005
"116",2012-10-28 19:15:00,0.074,0.034,0.037,0.017,0.056,0.057,0.058,0.074,0.015,0.067,0.085,0.086,0,0.126,0,0.052,0.036,0.125,0.029,0.076,0.034
"117",2012-10-28 19:25:00,0.113,0.074,0.071,0.058,0.096,0.1,0.097,0.112,0.054,0.102,0.124,0.125,0.041,0.167,0.039,0.094,0.07,0.161,0.065,0.115,0.072
"118",2012-10-28 19:35:00,0.159,0.124,0.115,0.103,0.142,0.15,0.146,0.159,0.101,0.143,0.171,0.173,0.091,0.217,0.087,0.142,0.113,0.207,0.111,0.165,0.119
"119",2012-10-28 19:45:00,0.211,0.181,0.17,0.154,0.194,0.204,0.198,0.212,0.154,0.189,0.224,0.23,0.146,0.272,0.14,0.193,0.165,0.257,0.162,0.222,0.173
"120",2012-10-28 19:55:00,0.264,0.241,0.223,0.21,0.25,0.261,0.252,0.264,0.211,0.237,0.278,0.285,0.204,0.327,0.197,0.249,0.218,0.306,0.217,0.278,0.23
"121",2012-10-28 20:05:00,0.324,0.304,0.28,0.272,0.31,0.323,0.312,0.322,0.273,0.291,0.337,0.344,0.267,0.388,0.261,0.311,0.275,0.36,0.277,0.34,0.291
"122",2012-10-28 20:15:00,0.389,0.372,0.344,0.34,0.374,0.39,0.376,0.385,0.341,0.35,0.401,0.41,0.335,0.452,0.328,0.377,0.338,0.42,0.344,0.407,0.357
"123",2012-10-28 20:25:00,0.457,0.445,0.413,0.41,0.442,0.46,0.444,0.451,0.412,0.412,0.468,0.478,0.409,0.518,0.399,0.446,0.405,0.482,0.414,0.476,0.427
"124",2012-10-28 20:35:00,0.523,0.519,0.483,0.479,0.509,0.527,0.511,0.518,0.482,0.475,0.535,0.546,0.483,0.583,0.469,0.514,0.473,0.543,0.484,0.545,0.497
"125",2012-10-28 20:45:00,0.587,0.587,0.55,0.55,0.574,0.593,0.578,0.583,0.551,0.536,0.6,0.612,0.552,0.646,0.536,0.58,0.54,0.601,0.553,0.612,0.565
"126",2012-10-28 20:55:00,0.654,0.657,0.618,0.624,0.643,0.66,0.647,0.648,0.622,0.6,0.664,0.676,0.625,0.708,0.605,0.649,0.607,0.66,0.623,0.677,0.633
"127",2012-10-28 21:05:00,0.72,0.726,0.686,0.697,0.71,0.728,0.717,0.714,0.692,0.666,0.73,0.741,0.698,0.769,0.676,0.718,0.673,0.72,0.694,0.741,0.702
"128",2012-10-28 21:15:00,0.783,0.793,0.752,0.767,0.776,0.793,0.783,0.778,0.758,0.73,0.794,0.804,0.767,0.829,0.742,0.783,0.74,0.779,0.763,0.803,0.77
"129",2012-10-28 21:25:00,0.846,0.856,0.816,0.835,0.84,0.856,0.848,0.841,0.823,0.794,0.855,0.865,0.834,0.887,0.808,0.846,0.805,0.836,0.831,0.862,0.833
"130",2012-10-28 21:35:00,0.908,0.918,0.88,0.899,0.903,0.917,0.912,0.904,0.887,0.858,0.916,0.926,0.898,0.944,0.873,0.909,0.87,0.894,0.897,0.922,0.896
"131",2012-10-28 21:45:00,0.967,0.98,0.942,0.964,0.964,0.976,0.973,0.964,0.948,0.919,0.975,0.985,0.959,0.999,0.935,0.969,0.934,0.952,0.96,0.98,0.957
"132",2012-10-28 21:55:00,1.027,1.042,1.004,1.026,1.025,1.036,1.033,1.024,1.01,0.981,1.034,1.042,1.021,1.055,0.997,1.03,0.997,1.01,1.023,1.038,1.018
"133",2012-10-28 22:05:00,1.088,1.104,1.068,1.09,1.087,1.096,1.095,1.085,1.072,1.043,1.095,1.101,1.085,1.111,1.06,1.092,1.059,1.069,1.086,1.096,1.079
"134",2012-10-28 22:15:00,1.144,1.16,1.127,1.149,1.145,1.15,1.152,1.141,1.127,1.102,1.152,1.157,1.143,1.164,1.118,1.148,1.119,1.123,1.144,1.151,1.135
"135",2012-10-28 22:25:00,1.197,1.212,1.182,1.205,1.198,1.202,1.205,1.193,1.18,1.161,1.206,1.209,1.194,1.213,1.173,1.199,1.175,1.175,1.2,1.201,1.187
"136",2012-10-28 22:35:00,1.248,1.261,1.233,1.259,1.25,1.252,1.258,1.243,1.23,1.219,1.259,1.258,1.244,1.261,1.224,1.251,1.229,1.227,1.252,1.248,1.237
"137",2012-10-28 22:45:00,1.295,1.306,1.281,1.309,1.297,1.299,1.308,1.289,1.276,1.273,1.309,1.304,1.291,1.306,1.272,1.299,1.279,1.276,1.3,1.293,1.282
"138",2012-10-28 22:55:00,1.337,1.346,1.325,1.353,1.34,1.339,1.351,1.329,1.316,1.323,1.354,1.347,1.332,1.347,1.314,1.341,1.325,1.319,1.343,1.332,1.323
"139",2012-10-28 23:05:00,1.373,1.379,1.36,1.39,1.376,1.374,1.387,1.363,1.35,1.366,1.392,1.382,1.364,1.381,1.35,1.377,1.362,1.355,1.379,1.366,1.357
"140",2012-10-28 23:15:00,1.406,1.408,1.39,1.424,1.409,1.406,1.42,1.394,1.379,1.404,1.427,1.415,1.393,1.413,1.382,1.41,1.394,1.389,1.409,1.396,1.387
"141",2012-10-28 23:25:00,1.438,1.436,1.419,1.457,1.441,1.438,1.45,1.424,1.406,1.441,1.46,1.446,1.421,1.444,1.412,1.442,1.426,1.422,1.439,1.426,1.415
"142",2012-10-28 23:35:00,1.467,1.462,1.447,1.483,1.468,1.466,1.476,1.448,1.432,1.474,1.488,1.474,1.445,1.472,1.439,1.472,1.451,1.451,1.464,1.454,1.441
"143",2012-10-28 23:45:00,1.492,1.484,1.472,1.506,1.491,1.49,1.499,1.47,1.454,1.503,1.514,1.501,1.466,1.498,1.461,1.499,1.473,1.479,1.487,1.479,1.464
"144",2012-10-28 23:55:00,1.516,1.502,1.493,1.527,1.513,1.512,1.519,1.489,1.474,1.528,1.536,1.523,1.484,1.519,1.482,1.523,1.492,1.502,1.506,1.503,1.484
"145",2012-10-29 00:05:00,1.539,1.522,1.513,1.547,1.533,1.534,1.538,1.508,1.495,1.553,1.559,1.546,1.502,1.542,1.504,1.547,1.509,1.525,1.525,1.525,1.505
"146",2012-10-29 00:15:00,1.558,1.539,1.533,1.564,1.548,1.551,1.554,1.525,1.513,1.573,1.579,1.566,1.516,1.563,1.518,1.565,1.524,1.546,1.539,1.545,1.522
"147",2012-10-29 00:25:00,1.573,1.554,1.55,1.578,1.561,1.566,1.567,1.537,1.529,1.59,1.593,1.582,1.528,1.579,1.53,1.581,1.534,1.565,1.551,1.56,1.535
"148",2012-10-29 00:35:00,1.585,1.566,1.561,1.591,1.57,1.576,1.577,1.548,1.541,1.603,1.604,1.595,1.54,1.59,1.542,1.594,1.54,1.578,1.559,1.569,1.545
"149",2012-10-29 00:45:00,1.59,1.572,1.568,1.598,1.574,1.579,1.581,1.553,1.551,1.611,1.611,1.602,1.544,1.596,1.548,1.599,1.539,1.587,1.562,1.574,1.548
"150",2012-10-29 00:55:00,1.588,1.569,1.568,1.597,1.57,1.575,1.578,1.549,1.552,1.611,1.609,1.601,1.539,1.591,1.545,1.596,1.531,1.587,1.557,1.572,1.543
"151",2012-10-29 01:05:00,1.577,1.559,1.558,1.589,1.559,1.563,1.568,1.537,1.548,1.601,1.6,1.589,1.529,1.579,1.534,1.586,1.517,1.576,1.544,1.559,1.529
"152",2012-10-29 01:15:00,1.56,1.544,1.544,1.574,1.543,1.545,1.552,1.518,1.537,1.585,1.585,1.574,1.514,1.561,1.52,1.571,1.5,1.56,1.527,1.54,1.511
"153",2012-10-29 01:25:00,1.536,1.522,1.523,1.554,1.522,1.522,1.53,1.497,1.517,1.563,1.561,1.55,1.493,1.532,1.499,1.548,1.473,1.536,1.502,1.514,1.487
"154",2012-10-29 01:35:00,1.504,1.495,1.498,1.524,1.493,1.491,1.5,1.463,1.494,1.533,1.531,1.518,1.462,1.498,1.471,1.519,1.438,1.506,1.47,1.482,1.454
"155",2012-10-29 01:45:00,1.466,1.462,1.465,1.49,1.458,1.455,1.465,1.425,1.462,1.5,1.494,1.482,1.426,1.458,1.436,1.482,1.398,1.471,1.434,1.442,1.416
"156",2012-10-29 01:55:00,1.423,1.424,1.428,1.451,1.416,1.415,1.426,1.384,1.429,1.459,1.452,1.44,1.387,1.412,1.395,1.442,1.354,1.43,1.392,1.397,1.374
"157",2012-10-29 02:05:00,1.376,1.381,1.388,1.407,1.371,1.371,1.382,1.34,1.391,1.415,1.406,1.395,1.343,1.361,1.35,1.395,1.305,1.387,1.345,1.348,1.33
"158",2012-10-29 02:15:00,1.326,1.333,1.344,1.358,1.321,1.32,1.333,1.294,1.349,1.364,1.354,1.344,1.295,1.305,1.3,1.344,1.251,1.337,1.294,1.296,1.281
"159",2012-10-29 02:25:00,1.272,1.282,1.295,1.306,1.267,1.266,1.278,1.237,1.303,1.309,1.3,1.289,1.243,1.245,1.248,1.289,1.194,1.282,1.24,1.24,1.228
"160",2012-10-29 02:35:00,1.216,1.229,1.246,1.252,1.212,1.213,1.224,1.184,1.256,1.253,1.244,1.234,1.194,1.186,1.195,1.235,1.138,1.228,1.185,1.182,1.175
"161",2012-10-29 02:45:00,1.157,1.172,1.193,1.194,1.155,1.157,1.168,1.131,1.207,1.192,1.185,1.178,1.141,1.125,1.14,1.178,1.081,1.171,1.129,1.122,1.12
"162",2012-10-29 02:55:00,1.096,1.113,1.138,1.136,1.098,1.1,1.11,1.075,1.152,1.132,1.125,1.119,1.086,1.061,1.083,1.117,1.023,1.11,1.07,1.057,1.064
"163",2012-10-29 03:05:00,1.033,1.05,1.08,1.073,1.037,1.039,1.048,1.015,1.094,1.066,1.061,1.055,1.029,0.994,1.022,1.054,0.961,1.043,1.007,0.99,1.004
"164",2012-10-29 03:15:00,0.969,0.984,1.019,1.009,0.974,0.975,0.985,0.952,1.034,0.999,0.994,0.99,0.968,0.926,0.962,0.989,0.9,0.976,0.943,0.924,0.941
"165",2012-10-29 03:25:00,0.901,0.917,0.956,0.942,0.911,0.912,0.923,0.89,0.97,0.93,0.926,0.924,0.904,0.856,0.898,0.922,0.837,0.908,0.878,0.856,0.876
"166",2012-10-29 03:35:00,0.834,0.85,0.891,0.876,0.846,0.848,0.861,0.828,0.905,0.859,0.857,0.856,0.84,0.786,0.834,0.856,0.773,0.836,0.814,0.785,0.814
"167",2012-10-29 03:45:00,0.767,0.783,0.825,0.807,0.781,0.783,0.797,0.764,0.839,0.788,0.788,0.788,0.776,0.718,0.77,0.788,0.71,0.763,0.75,0.717,0.751
"168",2012-10-29 03:55:00,0.703,0.715,0.761,0.737,0.719,0.72,0.732,0.7,0.774,0.72,0.72,0.721,0.713,0.65,0.707,0.72,0.647,0.694,0.687,0.653,0.689
"169",2012-10-29 04:05:00,0.639,0.648,0.696,0.67,0.657,0.658,0.67,0.637,0.709,0.652,0.652,0.655,0.652,0.584,0.645,0.655,0.586,0.628,0.625,0.59,0.627
"170",2012-10-29 04:15:00,0.577,0.586,0.634,0.606,0.598,0.598,0.611,0.579,0.649,0.588,0.589,0.594,0.595,0.524,0.586,0.594,0.529,0.567,0.567,0.53,0.569
"171",2012-10-29 04:25:00,0.52,0.527,0.576,0.544,0.541,0.542,0.553,0.525,0.59,0.526,0.53,0.535,0.539,0.467,0.528,0.536,0.475,0.507,0.512,0.473,0.514
"172",2012-10-29 04:35:00,0.465,0.47,0.519,0.487,0.489,0.49,0.499,0.475,0.533,0.467,0.473,0.479,0.486,0.413,0.473,0.482,0.423,0.449,0.461,0.419,0.464
"173",2012-10-29 04:45:00,0.418,0.421,0.469,0.437,0.443,0.444,0.451,0.43,0.484,0.418,0.425,0.432,0.44,0.367,0.427,0.435,0.379,0.401,0.418,0.375,0.42
"174",2012-10-29 04:55:00,0.378,0.378,0.426,0.394,0.404,0.402,0.411,0.393,0.44,0.375,0.383,0.391,0.4,0.327,0.387,0.393,0.341,0.36,0.38,0.336,0.38
"175",2012-10-29 05:05:00,0.341,0.339,0.387,0.356,0.368,0.365,0.374,0.36,0.4,0.335,0.344,0.354,0.363,0.293,0.35,0.356,0.308,0.323,0.347,0.299,0.344
"176",2012-10-29 05:15:00,0.31,0.305,0.35,0.322,0.337,0.332,0.341,0.329,0.363,0.301,0.311,0.322,0.328,0.265,0.315,0.324,0.279,0.29,0.317,0.265,0.31
"177",2012-10-29 05:25:00,0.279,0.271,0.316,0.29,0.308,0.301,0.309,0.3,0.327,0.269,0.279,0.291,0.295,0.238,0.282,0.292,0.252,0.257,0.289,0.232,0.28
"178",2012-10-29 05:35:00,0.252,0.241,0.283,0.261,0.285,0.275,0.281,0.274,0.294,0.241,0.252,0.266,0.268,0.213,0.255,0.264,0.23,0.229,0.266,0.203,0.254
"179",2012-10-29 05:45:00,0.232,0.22,0.256,0.24,0.269,0.252,0.262,0.256,0.268,0.219,0.23,0.247,0.246,0.195,0.233,0.242,0.213,0.208,0.249,0.182,0.234
"180",2012-10-29 05:55:00,0.217,0.202,0.236,0.223,0.255,0.231,0.246,0.242,0.248,0.201,0.211,0.23,0.224,0.183,0.214,0.224,0.198,0.188,0.234,0.164,0.217
"181",2012-10-29 06:05:00,0.204,0.186,0.22,0.208,0.244,0.214,0.231,0.23,0.228,0.186,0.193,0.216,0.206,0.174,0.196,0.207,0.187,0.172,0.223,0.148,0.203
"182",2012-10-29 06:15:00,0.193,0.173,0.205,0.198,0.236,0.202,0.219,0.222,0.21,0.173,0.178,0.206,0.194,0.168,0.183,0.195,0.18,0.159,0.216,0.136,0.197
"183",2012-10-29 06:25:00,0.188,0.167,0.196,0.194,0.235,0.197,0.213,0.22,0.202,0.167,0.169,0.203,0.191,0.167,0.177,0.19,0.179,0.155,0.216,0.131,0.198
"184",2012-10-29 06:35:00,0.19,0.169,0.195,0.198,0.243,0.195,0.216,0.225,0.203,0.171,0.169,0.209,0.194,0.174,0.179,0.193,0.188,0.16,0.222,0.133,0.203
"185",2012-10-29 06:45:00,0.2,0.178,0.202,0.21,0.255,0.198,0.226,0.239,0.21,0.179,0.173,0.218,0.202,0.187,0.185,0.203,0.201,0.169,0.229,0.143,0.214
"186",2012-10-29 06:55:00,0.217,0.191,0.216,0.227,0.272,0.206,0.238,0.258,0.224,0.193,0.181,0.232,0.216,0.206,0.195,0.217,0.218,0.183,0.243,0.157,0.232
"187",2012-10-29 07:05:00,0.236,0.207,0.235,0.247,0.295,0.222,0.253,0.282,0.241,0.21,0.194,0.251,0.236,0.227,0.211,0.238,0.243,0.204,0.262,0.176,0.259
"188",2012-10-29 07:15:00,0.262,0.232,0.261,0.276,0.328,0.248,0.279,0.313,0.268,0.235,0.216,0.279,0.267,0.254,0.237,0.269,0.275,0.233,0.289,0.201,0.294
"189",2012-10-29 07:25:00,0.295,0.267,0.294,0.313,0.369,0.279,0.313,0.352,0.303,0.271,0.246,0.315,0.307,0.29,0.274,0.309,0.317,0.271,0.324,0.233,0.336
"190",2012-10-29 07:35:00,0.336,0.308,0.335,0.357,0.416,0.313,0.355,0.398,0.348,0.313,0.282,0.357,0.349,0.333,0.315,0.355,0.364,0.312,0.362,0.272,0.38
"191",2012-10-29 07:45:00,0.383,0.351,0.383,0.404,0.465,0.352,0.399,0.449,0.393,0.357,0.32,0.4,0.395,0.378,0.358,0.404,0.413,0.355,0.401,0.316,0.429
"192",2012-10-29 07:55:00,0.429,0.397,0.432,0.452,0.517,0.396,0.446,0.502,0.441,0.406,0.361,0.449,0.445,0.423,0.406,0.456,0.465,0.401,0.444,0.362,0.482
"193",2012-10-29 08:05:00,0.482,0.451,0.484,0.504,0.573,0.447,0.499,0.559,0.497,0.461,0.41,0.502,0.501,0.474,0.46,0.514,0.522,0.453,0.492,0.413,0.54
"194",2012-10-29 08:15:00,0.538,0.508,0.543,0.558,0.631,0.499,0.555,0.618,0.556,0.52,0.462,0.558,0.562,0.528,0.518,0.577,0.581,0.508,0.546,0.469,0.599
"195",2012-10-29 08:25:00,0.596,0.569,0.605,0.616,0.693,0.555,0.614,0.681,0.621,0.584,0.518,0.618,0.625,0.585,0.582,0.642,0.644,0.566,0.601,0.528,0.659
"196",2012-10-29 08:35:00,0.657,0.632,0.668,0.674,0.751,0.614,0.674,0.745,0.687,0.647,0.573,0.677,0.687,0.643,0.643,0.705,0.703,0.623,0.656,0.589,0.72
"197",2012-10-29 08:45:00,0.717,0.694,0.731,0.729,0.807,0.675,0.731,0.806,0.752,0.712,0.629,0.736,0.754,0.7,0.706,0.768,0.763,0.683,0.714,0.651,0.782
"198",2012-10-29 08:55:00,0.776,0.757,0.791,0.785,0.866,0.74,0.791,0.867,0.819,0.779,0.689,0.798,0.822,0.757,0.772,0.833,0.825,0.746,0.775,0.712,0.844
"199",2012-10-29 09:05:00,0.838,0.825,0.853,0.844,0.924,0.806,0.854,0.93,0.888,0.849,0.753,0.861,0.893,0.816,0.84,0.899,0.888,0.812,0.836,0.777,0.906
"200",2012-10-29 09:15:00,0.9,0.889,0.914,0.901,0.981,0.87,0.914,0.991,0.957,0.917,0.816,0.923,0.96,0.873,0.907,0.964,0.949,0.875,0.895,0.841,0.965
"201",2012-10-29 09:25:00,0.962,0.954,0.975,0.958,1.038,0.934,0.974,1.053,1.024,0.984,0.881,0.985,1.025,0.929,0.973,1.028,1.007,0.938,0.954,0.906,1.022
"202",2012-10-29 09:35:00,1.022,1.017,1.035,1.015,1.091,0.997,1.034,1.113,1.088,1.048,0.943,1.043,1.088,0.983,1.037,1.089,1.064,0.998,1.011,0.968,1.078
"203",2012-10-29 09:45:00,1.084,1.08,1.096,1.07,1.144,1.062,1.093,1.172,1.151,1.112,1.007,1.103,1.153,1.039,1.101,1.15,1.121,1.06,1.07,1.03,1.134
"204",2012-10-29 09:55:00,1.145,1.141,1.158,1.128,1.198,1.126,1.153,1.231,1.215,1.175,1.071,1.164,1.218,1.094,1.166,1.212,1.18,1.122,1.129,1.091,1.187
"205",2012-10-29 10:05:00,1.207,1.202,1.217,1.187,1.252,1.189,1.214,1.291,1.277,1.238,1.137,1.224,1.281,1.15,1.231,1.274,1.239,1.183,1.188,1.152,1.239
"206",2012-10-29 10:15:00,1.27,1.263,1.278,1.246,1.307,1.252,1.276,1.351,1.338,1.301,1.203,1.283,1.343,1.207,1.293,1.334,1.297,1.243,1.248,1.213,1.293
"207",2012-10-29 10:25:00,1.332,1.323,1.34,1.308,1.362,1.317,1.338,1.413,1.398,1.364,1.272,1.346,1.406,1.265,1.356,1.396,1.357,1.306,1.309,1.276,1.348
"208",2012-10-29 10:35:00,1.396,1.387,1.404,1.37,1.42,1.384,1.401,1.474,1.46,1.429,1.341,1.411,1.473,1.324,1.421,1.46,1.419,1.37,1.373,1.34,1.406
"209",2012-10-29 10:45:00,1.458,1.448,1.465,1.432,1.476,1.447,1.462,1.534,1.52,1.492,1.409,1.472,1.537,1.382,1.483,1.521,1.477,1.431,1.435,1.402,1.462
"210",2012-10-29 10:55:00,1.519,1.506,1.523,1.492,1.534,1.509,1.523,1.593,1.578,1.552,1.474,1.535,1.601,1.438,1.542,1.578,1.534,1.491,1.495,1.462,1.517
"211",2012-10-29 11:05:00,1.577,1.562,1.578,1.55,1.591,1.569,1.582,1.649,1.631,1.609,1.536,1.596,1.664,1.49,1.597,1.633,1.59,1.549,1.552,1.52,1.574
"212",2012-10-29 11:15:00,1.634,1.614,1.63,1.605,1.647,1.628,1.638,1.704,1.682,1.665,1.596,1.654,1.728,1.54,1.649,1.688,1.646,1.605,1.608,1.576,1.63
"213",2012-10-29 11:25:00,1.689,1.665,1.679,1.661,1.704,1.683,1.694,1.756,1.733,1.719,1.653,1.711,1.788,1.587,1.7,1.741,1.701,1.66,1.663,1.63,1.683
"214",2012-10-29 11:35:00,1.742,1.714,1.726,1.714,1.761,1.734,1.75,1.805,1.78,1.77,1.705,1.765,1.842,1.631,1.747,1.792,1.754,1.712,1.714,1.68,1.735
"215",2012-10-29 11:45:00,1.791,1.757,1.771,1.764,1.815,1.781,1.8,1.852,1.821,1.817,1.753,1.816,1.894,1.671,1.789,1.837,1.803,1.759,1.761,1.727,1.784
"216",2012-10-29 11:55:00,1.836,1.797,1.813,1.812,1.865,1.825,1.848,1.896,1.86,1.86,1.798,1.862,1.943,1.708,1.828,1.88,1.851,1.803,1.807,1.768,1.83
"217",2012-10-29 12:05:00,1.879,1.833,1.853,1.858,1.912,1.866,1.894,1.935,1.897,1.901,1.841,1.906,1.989,1.743,1.864,1.922,1.896,1.843,1.848,1.808,1.875
"218",2012-10-29 12:15:00,1.918,1.866,1.889,1.899,1.956,1.901,1.935,1.971,1.931,1.939,1.879,1.946,2.03,1.774,1.897,1.96,1.937,1.879,1.885,1.844,1.915
"219",2012-10-29 12:25:00,1.953,1.896,1.92,1.937,1.997,1.934,1.972,2.004,1.962,1.973,1.914,1.983,2.067,1.802,1.927,1.993,1.974,1.91,1.919,1.876,1.95
"220",2012-10-29 12:35:00,1.984,1.925,1.949,1.973,2.032,1.964,2.005,2.035,1.989,2.004,1.946,2.017,2.102,1.828,1.953,2.022,2.008,1.938,1.95,1.906,1.984
"221",2012-10-29 12:45:00,2.013,1.952,1.977,2.005,2.064,1.992,2.035,2.061,2.014,2.033,1.974,2.048,2.133,1.85,1.977,2.048,2.041,1.962,1.979,1.933,2.016
"222",2012-10-29 12:55:00,2.037,1.974,1.999,2.031,2.091,2.015,2.059,2.08,2.034,2.059,1.997,2.076,2.16,1.866,1.996,2.069,2.07,1.98,2.002,1.954,2.041
"223",2012-10-29 13:05:00,2.055,1.99,2.013,2.052,2.11,2.032,2.077,2.093,2.048,2.078,2.012,2.096,2.18,1.876,2.008,2.082,2.09,1.992,2.018,1.97,2.059
"224",2012-10-29 13:15:00,2.065,1.999,2.021,2.066,2.123,2.044,2.087,2.102,2.055,2.09,2.021,2.109,2.191,1.879,2.011,2.089,2.106,2,2.029,1.979,2.072
"225",2012-10-29 13:25:00,2.071,2.007,2.026,2.077,2.133,2.049,2.093,2.104,2.057,2.1,2.026,2.119,2.197,1.875,2.011,2.091,2.119,2.002,2.037,1.984,2.082
"226",2012-10-29 13:35:00,2.072,2.009,2.022,2.083,2.135,2.051,2.093,2.099,2.054,2.106,2.027,2.126,2.198,1.864,2.006,2.088,2.125,2.002,2.037,1.985,2.083
"227",2012-10-29 13:45:00,2.064,2.004,2.013,2.081,2.131,2.044,2.085,2.089,2.047,2.105,2.019,2.126,2.188,1.845,1.997,2.08,2.126,1.996,2.03,1.977,2.078
"228",2012-10-29 13:55:00,2.052,1.994,2,2.075,2.119,2.033,2.073,2.074,2.033,2.098,2.007,2.121,2.174,1.823,1.983,2.068,2.119,1.984,2.017,1.964,2.066
"229",2012-10-29 14:05:00,2.036,1.977,1.983,2.063,2.103,2.017,2.055,2.056,2.014,2.083,1.99,2.111,2.153,1.794,1.964,2.049,2.105,1.967,1.998,1.944,2.05
"230",2012-10-29 14:15:00,2.017,1.956,1.963,2.048,2.083,1.995,2.033,2.033,1.99,2.063,1.969,2.096,2.129,1.762,1.94,2.027,2.087,1.943,1.975,1.919,2.032
"231",2012-10-29 14:25:00,1.993,1.93,1.938,2.028,2.056,1.97,2.006,2.005,1.961,2.038,1.942,2.076,2.099,1.725,1.913,2.002,2.065,1.917,1.947,1.892,2.007
"232",2012-10-29 14:35:00,1.963,1.901,1.908,2.002,2.024,1.939,1.975,1.974,1.929,2.007,1.911,2.051,2.064,1.686,1.883,1.974,2.037,1.886,1.916,1.859,1.978
"233",2012-10-29 14:45:00,1.928,1.87,1.875,1.97,1.988,1.906,1.939,1.942,1.894,1.972,1.876,2.022,2.023,1.648,1.851,1.94,2.004,1.852,1.883,1.826,1.947
"234",2012-10-29 14:55:00,1.891,1.836,1.839,1.937,1.95,1.871,1.901,1.91,1.856,1.936,1.838,1.989,1.98,1.607,1.815,1.903,1.97,1.816,1.847,1.788,1.915
"235",2012-10-29 15:05:00,1.852,1.802,1.8,1.897,1.91,1.833,1.861,1.872,1.816,1.898,1.796,1.955,1.935,1.563,1.777,1.864,1.931,1.775,1.809,1.746,1.88
"236",2012-10-29 15:15:00,1.807,1.764,1.753,1.85,1.864,1.79,1.816,1.827,1.77,1.853,1.747,1.915,1.886,1.514,1.734,1.82,1.887,1.729,1.766,1.699,1.839
"237",2012-10-29 15:25:00,1.757,1.722,1.7,1.797,1.812,1.743,1.767,1.778,1.72,1.802,1.694,1.868,1.831,1.464,1.686,1.769,1.835,1.678,1.718,1.648,1.792
"238",2012-10-29 15:35:00,1.703,1.675,1.643,1.739,1.755,1.691,1.714,1.728,1.666,1.748,1.639,1.816,1.77,1.412,1.634,1.714,1.779,1.626,1.668,1.593,1.743
"239",2012-10-29 15:45:00,1.645,1.624,1.584,1.677,1.698,1.635,1.655,1.672,1.606,1.69,1.579,1.76,1.705,1.354,1.577,1.654,1.72,1.569,1.613,1.533,1.688
"240",2012-10-29 15:55:00,1.583,1.569,1.518,1.61,1.635,1.574,1.595,1.609,1.541,1.627,1.515,1.7,1.637,1.294,1.516,1.591,1.657,1.505,1.551,1.468,1.627
"241",2012-10-29 16:05:00,1.517,1.507,1.449,1.537,1.567,1.51,1.53,1.543,1.474,1.557,1.447,1.636,1.565,1.234,1.454,1.526,1.589,1.439,1.486,1.401,1.561
"242",2012-10-29 16:15:00,1.451,1.444,1.38,1.464,1.5,1.445,1.463,1.477,1.405,1.485,1.379,1.57,1.492,1.176,1.392,1.46,1.52,1.372,1.422,1.335,1.495
"243",2012-10-29 16:25:00,1.384,1.381,1.311,1.393,1.433,1.381,1.397,1.411,1.336,1.414,1.313,1.504,1.418,1.118,1.331,1.393,1.453,1.305,1.357,1.268,1.429
"244",2012-10-29 16:35:00,1.32,1.321,1.245,1.323,1.367,1.318,1.334,1.348,1.269,1.344,1.251,1.439,1.345,1.061,1.272,1.329,1.389,1.24,1.295,1.205,1.366
"245",2012-10-29 16:45:00,1.263,1.267,1.182,1.258,1.307,1.26,1.278,1.29,1.208,1.28,1.194,1.38,1.278,1.013,1.22,1.272,1.334,1.18,1.241,1.147,1.31
"246",2012-10-29 16:55:00,1.211,1.219,1.125,1.202,1.251,1.209,1.229,1.238,1.155,1.223,1.143,1.329,1.22,0.97,1.173,1.22,1.283,1.126,1.193,1.096,1.257
"247",2012-10-29 17:05:00,1.162,1.175,1.073,1.15,1.2,1.164,1.182,1.192,1.106,1.171,1.095,1.28,1.166,0.932,1.129,1.169,1.236,1.077,1.148,1.05,1.207
"248",2012-10-29 17:15:00,1.117,1.135,1.024,1.103,1.154,1.121,1.14,1.149,1.059,1.123,1.052,1.235,1.115,0.897,1.087,1.122,1.195,1.031,1.108,1.006,1.162
"249",2012-10-29 17:25:00,1.078,1.1,0.978,1.06,1.113,1.085,1.103,1.109,1.018,1.081,1.014,1.197,1.069,0.865,1.05,1.081,1.161,0.989,1.073,0.966,1.122
"250",2012-10-29 17:35:00,1.047,1.071,0.938,1.024,1.079,1.055,1.075,1.078,0.983,1.045,0.982,1.166,1.031,0.84,1.019,1.048,1.135,0.955,1.046,0.934,1.089
"251",2012-10-29 17:45:00,1.02,1.047,0.905,0.995,1.051,1.029,1.051,1.051,0.951,1.016,0.955,1.141,0.998,0.817,0.991,1.019,1.112,0.925,1.022,0.907,1.058
"252",2012-10-29 17:55:00,0.995,1.023,0.874,0.969,1.024,1.006,1.029,1.027,0.92,0.987,0.93,1.118,0.964,0.793,0.964,0.991,1.093,0.898,0.999,0.881,1.03
"253",2012-10-29 18:05:00,0.974,1.003,0.847,0.947,1.002,0.987,1.012,1.008,0.896,0.961,0.911,1.099,0.936,0.771,0.942,0.968,1.08,0.873,0.983,0.858,1.007
"254",2012-10-29 18:15:00,0.96,0.989,0.825,0.933,0.987,0.973,1.002,0.998,0.876,0.941,0.897,1.089,0.915,0.754,0.924,0.953,1.075,0.852,0.971,0.839,0.991
"255",2012-10-29 18:25:00,0.954,0.984,0.813,0.927,0.981,0.966,1.002,0.993,0.865,0.93,0.89,1.085,0.904,0.743,0.914,0.946,1.079,0.84,0.967,0.83,0.984
"256",2012-10-29 18:35:00,0.95,0.982,0.806,0.923,0.979,0.961,1.006,0.992,0.857,0.924,0.884,1.084,0.895,0.732,0.905,0.941,1.085,0.832,0.966,0.825,0.98
"257",2012-10-29 18:45:00,0.95,0.982,0.8,0.924,0.979,0.961,1.014,0.997,0.854,0.919,0.881,1.086,0.889,0.723,0.899,0.939,1.095,0.825,0.969,0.821,0.981
"258",2012-10-29 18:55:00,0.958,0.99,0.799,0.93,0.987,0.968,1.03,1.01,0.858,0.921,0.886,1.099,0.891,0.72,0.9,0.943,1.113,0.821,0.98,0.822,0.99
"259",2012-10-29 19:05:00,0.977,1.011,0.807,0.948,1.004,0.984,1.059,1.036,0.874,0.933,0.902,1.124,0.905,0.726,0.911,0.958,1.142,0.827,1.001,0.835,1.011
"260",2012-10-29 19:15:00,1.003,1.042,0.827,0.972,1.031,1.006,1.097,1.067,0.898,0.955,0.922,1.153,0.928,0.737,0.926,0.98,1.176,0.842,1.029,0.857,1.041
"261",2012-10-29 19:25:00,1.029,1.074,0.848,0.995,1.059,1.032,1.136,1.099,0.924,0.982,0.943,1.184,0.955,0.749,0.944,1.001,1.208,0.857,1.059,0.881,1.071
"262",2012-10-29 19:35:00,1.06,1.109,0.87,1.023,1.089,1.063,1.179,1.137,0.958,1.008,0.966,1.219,0.986,0.764,0.962,1.026,1.244,0.871,1.09,0.907,1.105
"263",2012-10-29 19:45:00,1.098,1.153,0.898,1.057,1.126,1.103,1.23,1.184,0.998,1.041,0.998,1.263,1.028,0.785,0.987,1.059,1.288,0.891,1.131,0.938,1.149
"264",2012-10-29 19:55:00,1.149,1.206,0.934,1.101,1.174,1.15,1.293,1.24,1.049,1.085,1.041,1.318,1.08,0.817,1.022,1.102,1.34,0.918,1.181,0.979,1.204
"265",2012-10-29 20:05:00,1.201,1.262,0.979,1.146,1.227,1.196,1.355,1.293,1.102,1.136,1.084,1.371,1.133,0.851,1.057,1.144,1.391,0.952,1.229,1.025,1.26
"266",2012-10-29 20:15:00,1.251,1.318,1.025,1.188,1.278,1.244,1.418,1.349,1.158,1.184,1.126,1.424,1.189,0.887,1.092,1.186,1.441,0.986,1.279,1.071,1.317
"267",2012-10-29 20:25:00,1.306,1.377,1.074,1.235,1.333,1.297,1.485,1.409,1.222,1.236,1.173,1.483,1.251,0.927,1.131,1.234,1.494,1.021,1.333,1.119,1.379
"268",2012-10-29 20:35:00,1.366,1.44,1.128,1.287,1.39,1.354,1.556,1.473,1.292,1.291,1.226,1.547,1.319,0.971,1.174,1.287,1.552,1.06,1.392,1.171,1.447
"269",2012-10-29 20:45:00,1.434,1.508,1.189,1.346,1.455,1.418,1.634,1.542,1.371,1.356,1.286,1.616,1.397,1.022,1.226,1.349,1.615,1.106,1.459,1.23,1.522
"270",2012-10-29 20:55:00,1.503,1.578,1.257,1.407,1.523,1.481,1.71,1.61,1.451,1.425,1.348,1.683,1.477,1.077,1.281,1.412,1.675,1.155,1.525,1.294,1.598
"271",2012-10-29 21:05:00,1.572,1.648,1.327,1.467,1.589,1.546,1.784,1.677,1.533,1.492,1.411,1.75,1.559,1.133,1.338,1.477,1.735,1.207,1.59,1.36,1.675
"272",2012-10-29 21:15:00,1.643,1.718,1.4,1.531,1.657,1.614,1.859,1.747,1.619,1.563,1.48,1.82,1.643,1.194,1.401,1.545,1.796,1.262,1.658,1.429,1.752
"273",2012-10-29 21:25:00,1.717,1.787,1.477,1.599,1.726,1.685,1.935,1.818,1.706,1.635,1.553,1.892,1.73,1.262,1.471,1.616,1.858,1.325,1.729,1.502,1.83
"274",2012-10-29 21:35:00,1.788,1.856,1.559,1.668,1.796,1.755,2.007,1.885,1.793,1.708,1.625,1.961,1.816,1.334,1.542,1.689,1.918,1.392,1.798,1.577,1.907
"275",2012-10-29 21:45:00,1.861,1.925,1.644,1.738,1.867,1.827,2.077,1.954,1.881,1.784,1.698,2.03,1.905,1.411,1.614,1.764,1.977,1.463,1.867,1.656,1.984
"276",2012-10-29 21:55:00,1.936,1.994,1.729,1.809,1.937,1.9,2.147,2.022,1.97,1.861,1.773,2.101,1.995,1.486,1.688,1.839,2.036,1.535,1.936,1.736,2.061
"277",2012-10-29 22:05:00,2.012,2.06,1.815,1.882,2.006,1.975,2.216,2.092,2.06,1.938,1.847,2.174,2.087,1.564,1.763,1.919,2.099,1.607,2.007,1.816,2.137
"278",2012-10-29 22:15:00,2.088,2.126,1.904,1.957,2.077,2.05,2.286,2.161,2.149,2.018,1.922,2.246,2.177,1.643,1.839,1.999,2.16,1.683,2.08,1.897,2.215
"279",2012-10-29 22:25:00,2.165,2.193,1.995,2.033,2.15,2.125,2.354,2.23,2.237,2.1,2,2.316,2.266,1.725,1.915,2.08,2.221,1.762,2.153,1.98,2.291
"280",2012-10-29 22:35:00,2.24,2.258,2.084,2.108,2.22,2.197,2.419,2.297,2.325,2.18,2.077,2.382,2.353,1.806,1.991,2.16,2.279,1.84,2.223,2.063,2.367
"281",2012-10-29 22:45:00,2.314,2.322,2.174,2.18,2.29,2.267,2.483,2.363,2.408,2.258,2.151,2.447,2.435,1.885,2.067,2.239,2.337,1.92,2.293,2.145,2.439
"282",2012-10-29 22:55:00,2.385,2.384,2.261,2.25,2.357,2.336,2.547,2.425,2.489,2.331,2.222,2.511,2.513,1.964,2.139,2.317,2.395,1.997,2.362,2.223,2.509
"283",2012-10-29 23:05:00,2.455,2.447,2.347,2.32,2.426,2.405,2.612,2.486,2.568,2.405,2.295,2.571,2.586,2.042,2.212,2.396,2.45,2.075,2.433,2.301,2.578
"284",2012-10-29 23:15:00,2.521,2.508,2.432,2.386,2.492,2.471,2.674,2.545,2.643,2.477,2.367,2.63,2.655,2.116,2.283,2.473,2.503,2.152,2.499,2.378,2.642
"285",2012-10-29 23:25:00,2.587,2.567,2.514,2.451,2.555,2.535,2.736,2.603,2.713,2.546,2.435,2.691,2.716,2.191,2.353,2.549,2.558,2.227,2.565,2.452,2.705
"286",2012-10-29 23:35:00,2.653,2.626,2.593,2.517,2.619,2.599,2.799,2.662,2.782,2.614,2.505,2.752,2.774,2.265,2.422,2.624,2.613,2.303,2.629,2.529,2.767
"287",2012-10-29 23:45:00,2.713,2.68,2.67,2.578,2.678,2.658,2.856,2.713,2.843,2.677,2.57,2.807,2.824,2.336,2.488,2.696,2.662,2.378,2.691,2.602,2.824
"288",2012-10-29 23:55:00,2.772,2.731,2.743,2.635,2.734,2.715,2.912,2.765,2.899,2.738,2.631,2.86,2.868,2.404,2.551,2.764,2.708,2.451,2.748,2.673,2.877
"289",2012-10-30 00:05:00,2.829,2.783,2.809,2.69,2.788,2.77,2.97,2.814,2.952,2.796,2.691,2.915,2.909,2.47,2.611,2.833,2.757,2.521,2.805,2.74,2.928
"290",2012-10-30 00:15:00,2.884,2.837,2.869,2.744,2.841,2.823,3.027,2.863,2.997,2.851,2.749,2.969,2.944,2.531,2.668,2.899,2.804,2.586,2.86,2.805,2.976
"291",2012-10-30 00:25:00,2.938,2.89,2.927,2.794,2.893,2.874,3.081,2.909,3.036,2.903,2.806,3.021,2.972,2.592,2.724,2.961,2.851,2.651,2.914,2.868,3.022
"292",2012-10-30 00:35:00,2.986,2.941,2.981,2.838,2.941,2.921,3.132,2.95,3.067,2.951,2.858,3.07,2.994,2.649,2.777,3.017,2.893,2.714,2.966,2.925,3.063
"293",2012-10-30 00:45:00,3.032,2.992,3.029,2.877,2.985,2.964,3.182,2.991,3.096,2.994,2.909,3.118,3.013,2.699,2.827,3.071,2.935,2.772,3.014,2.979,3.103
"294",2012-10-30 00:55:00,3.075,3.04,3.071,2.91,3.027,3.005,3.229,3.027,3.118,3.033,2.956,3.164,3.027,2.745,2.874,3.121,2.976,2.826,3.06,3.03,3.139
"295",2012-10-30 01:05:00,3.116,3.086,3.109,2.938,3.064,3.043,3.269,3.056,3.132,3.066,2.998,3.208,3.032,2.786,2.917,3.164,3.014,2.876,3.102,3.076,3.173
"296",2012-10-30 01:15:00,3.152,3.129,3.139,2.96,3.098,3.078,3.304,3.085,3.139,3.094,3.036,3.248,3.032,2.823,2.957,3.201,3.048,2.921,3.139,3.116,3.203
"297",2012-10-30 01:25:00,3.182,3.169,3.163,2.975,3.128,3.107,3.335,3.112,3.139,3.119,3.07,3.284,3.03,2.852,2.993,3.235,3.079,2.96,3.171,3.15,3.229
"298",2012-10-30 01:35:00,3.211,3.205,3.181,2.985,3.152,3.132,3.358,3.134,3.132,3.14,3.1,3.319,3.024,2.88,3.028,3.262,3.109,2.997,3.197,3.18,3.25
"299",2012-10-30 01:45:00,3.238,3.238,3.196,2.993,3.175,3.155,3.375,3.152,3.123,3.157,3.125,3.348,3.015,2.905,3.061,3.287,3.135,3.031,3.219,3.208,3.268
"300",2012-10-30 01:55:00,3.258,3.267,3.205,2.992,3.191,3.171,3.385,3.163,3.104,3.167,3.142,3.37,3,2.923,3.088,3.301,3.153,3.056,3.232,3.232,3.277
"301",2012-10-30 02:05:00,3.276,3.294,3.211,2.986,3.203,3.184,3.39,3.173,3.079,3.175,3.155,3.389,2.982,2.935,3.111,3.313,3.169,3.077,3.243,3.253,3.283
"302",2012-10-30 02:15:00,3.291,3.317,3.212,2.978,3.211,3.193,3.39,3.179,3.049,3.179,3.165,3.403,2.962,2.942,3.132,3.321,3.184,3.094,3.25,3.268,3.285
"303",2012-10-30 02:25:00,3.301,3.334,3.208,2.966,3.214,3.199,3.381,3.179,3.013,3.177,3.171,3.406,2.933,2.941,3.148,3.32,3.193,3.105,3.25,3.279,3.278
"304",2012-10-30 02:35:00,3.304,3.344,3.197,2.945,3.207,3.197,3.359,3.17,2.968,3.169,3.168,3.4,2.897,2.935,3.157,3.306,3.193,3.108,3.244,3.282,3.263
"305",2012-10-30 02:45:00,3.297,3.344,3.178,2.916,3.193,3.187,3.33,3.152,2.917,3.154,3.156,3.385,2.857,2.922,3.158,3.28,3.181,3.105,3.228,3.277,3.238
"306",2012-10-30 02:55:00,3.28,3.332,3.151,2.881,3.171,3.169,3.291,3.126,2.862,3.128,3.134,3.361,2.811,2.899,3.151,3.244,3.161,3.093,3.202,3.263,3.205
"307",2012-10-30 03:05:00,3.257,3.31,3.113,2.839,3.14,3.144,3.244,3.091,2.806,3.094,3.104,3.324,2.759,2.867,3.135,3.2,3.131,3.075,3.168,3.242,3.163
"308",2012-10-30 03:15:00,3.223,3.278,3.066,2.789,3.1,3.109,3.188,3.044,2.747,3.052,3.061,3.277,2.703,2.825,3.109,3.145,3.091,3.046,3.123,3.214,3.114
"309",2012-10-30 03:25:00,3.178,3.234,3.011,2.733,3.05,3.062,3.124,2.988,2.687,3.001,3.005,3.221,2.646,2.772,3.071,3.08,3.038,3.007,3.066,3.173,3.057
"310",2012-10-30 03:35:00,3.124,3.182,2.951,2.674,2.994,3.008,3.054,2.925,2.627,2.944,2.944,3.156,2.586,2.713,3.025,3.012,2.976,2.959,3.003,3.125,2.991
"311",2012-10-30 03:45:00,3.063,3.121,2.885,2.611,2.931,2.948,2.974,2.855,2.565,2.879,2.876,3.082,2.524,2.651,2.972,2.939,2.91,2.905,2.935,3.072,2.92
"312",2012-10-30 03:55:00,2.997,3.053,2.816,2.548,2.863,2.881,2.89,2.781,2.503,2.81,2.803,2.999,2.459,2.583,2.914,2.862,2.835,2.845,2.859,3.014,2.84
"313",2012-10-30 04:05:00,2.921,2.98,2.742,2.483,2.789,2.806,2.802,2.702,2.444,2.736,2.726,2.906,2.392,2.509,2.849,2.783,2.753,2.782,2.778,2.948,2.755
"314",2012-10-30 04:15:00,2.839,2.901,2.667,2.415,2.709,2.728,2.709,2.618,2.386,2.659,2.648,2.81,2.324,2.433,2.782,2.704,2.666,2.716,2.692,2.878,2.664
"315",2012-10-30 04:25:00,2.755,2.818,2.588,2.348,2.626,2.648,2.612,2.529,2.329,2.58,2.568,2.71,2.255,2.361,2.71,2.624,2.578,2.651,2.602,2.805,2.569
"316",2012-10-30 04:35:00,2.668,2.73,2.507,2.284,2.538,2.567,2.513,2.438,2.27,2.5,2.487,2.605,2.182,2.294,2.637,2.542,2.486,2.586,2.51,2.731,2.47
"317",2012-10-30 04:45:00,2.579,2.64,2.427,2.225,2.448,2.482,2.411,2.344,2.211,2.421,2.406,2.498,2.109,2.229,2.563,2.459,2.391,2.522,2.419,2.654,2.371
"318",2012-10-30 04:55:00,2.487,2.547,2.35,2.166,2.356,2.395,2.309,2.248,2.148,2.34,2.328,2.39,2.031,2.16,2.488,2.376,2.295,2.463,2.328,2.575,2.271
"319",2012-10-30 05:05:00,2.396,2.453,2.274,2.105,2.267,2.309,2.209,2.153,2.086,2.26,2.252,2.283,1.952,2.094,2.414,2.296,2.2,2.407,2.237,2.495,2.17
"320",2012-10-30 05:15:00,2.307,2.362,2.196,2.048,2.18,2.228,2.112,2.061,2.018,2.182,2.18,2.179,1.872,2.035,2.338,2.22,2.11,2.356,2.148,2.417,2.073
"321",2012-10-30 05:25:00,2.219,2.274,2.118,1.995,2.092,2.147,2.014,1.97,1.946,2.105,2.109,2.076,1.789,1.978,2.263,2.144,2.021,2.303,2.06,2.34,1.978
"322",2012-10-30 05:35:00,2.135,2.189,2.047,1.942,2.005,2.067,1.92,1.879,1.876,2.028,2.043,1.976,1.706,1.916,2.191,2.07,1.935,2.254,1.975,2.264,1.886
"323",2012-10-30 05:45:00,2.057,2.108,1.982,1.888,1.924,1.991,1.83,1.796,1.804,1.953,1.984,1.881,1.622,1.865,2.123,1.996,1.853,2.211,1.897,2.193,1.798
"324",2012-10-30 05:55:00,1.982,2.031,1.917,1.836,1.851,1.923,1.743,1.718,1.732,1.881,1.932,1.79,1.54,1.824,2.058,1.927,1.777,2.174,1.823,2.13,1.711
"325",2012-10-30 06:05:00,1.912,1.962,1.859,1.794,1.783,1.861,1.662,1.645,1.66,1.815,1.89,1.708,1.462,1.796,1.999,1.866,1.709,2.141,1.755,2.074,1.631
"326",2012-10-30 06:15:00,1.847,1.898,1.806,1.76,1.718,1.801,1.584,1.576,1.593,1.751,1.855,1.627,1.388,1.77,1.948,1.809,1.646,2.11,1.689,2.02,1.553
"327",2012-10-30 06:25:00,1.787,1.837,1.761,1.727,1.654,1.747,1.516,1.512,1.532,1.692,1.831,1.55,1.317,1.75,1.905,1.755,1.588,2.085,1.63,1.973,1.477
"328",2012-10-30 06:35:00,1.73,1.777,1.719,1.694,1.595,1.698,1.448,1.449,1.47,1.638,1.812,1.477,1.248,1.744,1.867,1.704,1.536,2.068,1.578,1.927,1.407
"329",2012-10-30 06:45:00,1.679,1.722,1.68,1.662,1.541,1.654,1.383,1.39,1.408,1.588,1.796,1.409,1.184,1.747,1.832,1.655,1.488,2.055,1.529,1.886,1.341
"330",2012-10-30 06:55:00,1.629,1.669,1.644,1.634,1.489,1.61,1.32,1.334,1.346,1.538,1.78,1.346,1.121,1.754,1.798,1.607,1.437,2.043,1.48,1.845,1.278
"331",2012-10-30 07:05:00,1.576,1.615,1.609,1.603,1.434,1.566,1.26,1.278,1.284,1.487,1.765,1.281,1.061,1.76,1.77,1.558,1.387,2.033,1.431,1.803,1.217
"332",2012-10-30 07:15:00,1.526,1.566,1.577,1.566,1.384,1.526,1.205,1.226,1.223,1.437,1.752,1.221,1.006,1.773,1.745,1.508,1.341,2.028,1.386,1.765,1.16
"333",2012-10-30 07:25:00,1.478,1.52,1.541,1.525,1.337,1.486,1.153,1.178,1.164,1.388,1.737,1.163,0.952,1.79,1.719,1.46,1.297,2.025,1.342,1.729,1.107
"334",2012-10-30 07:35:00,1.431,1.476,1.503,1.48,1.29,1.445,1.101,1.132,1.104,1.339,1.716,1.107,0.903,1.807,1.692,1.408,1.251,2.017,1.297,1.691,1.054
"335",2012-10-30 07:45:00,1.385,1.434,1.465,1.437,1.245,1.403,1.051,1.09,1.044,1.289,1.691,1.052,0.858,1.823,1.666,1.358,1.206,2.008,1.252,1.653,1.005
"336",2012-10-30 07:55:00,1.338,1.393,1.43,1.393,1.201,1.36,1.004,1.051,0.987,1.239,1.668,1.001,0.817,1.834,1.642,1.308,1.162,2,1.211,1.616,0.959
"337",2012-10-30 08:05:00,1.292,1.356,1.396,1.345,1.16,1.318,0.96,1.014,0.936,1.191,1.646,0.954,0.78,1.853,1.62,1.258,1.123,1.996,1.173,1.579,0.915
"338",2012-10-30 08:15:00,1.248,1.321,1.358,1.298,1.123,1.28,0.919,0.981,0.888,1.146,1.619,0.91,0.745,1.874,1.594,1.211,1.086,1.991,1.138,1.544,0.873
"339",2012-10-30 08:25:00,1.205,1.287,1.32,1.254,1.088,1.242,0.879,0.951,0.84,1.102,1.589,0.868,0.715,1.889,1.569,1.166,1.051,1.984,1.102,1.508,0.833
"340",2012-10-30 08:35:00,1.165,1.256,1.287,1.217,1.055,1.204,0.844,0.925,0.797,1.059,1.559,0.83,0.689,1.898,1.546,1.125,1.018,1.981,1.066,1.473,0.798
"341",2012-10-30 08:45:00,1.127,1.227,1.258,1.18,1.025,1.167,0.814,0.902,0.76,1.019,1.529,0.798,0.668,1.907,1.524,1.087,0.988,1.982,1.034,1.436,0.766
"342",2012-10-30 08:55:00,1.091,1.202,1.227,1.141,0.997,1.133,0.787,0.882,0.73,0.982,1.496,0.772,0.65,1.922,1.501,1.05,0.961,1.988,1.006,1.4,0.74
"343",2012-10-30 09:05:00,1.061,1.181,1.199,1.109,0.977,1.105,0.765,0.868,0.706,0.952,1.461,0.755,0.64,1.934,1.478,1.017,0.942,1.995,0.983,1.368,0.721
"344",2012-10-30 09:15:00,1.037,1.166,1.175,1.085,0.964,1.082,0.75,0.861,0.687,0.926,1.428,0.748,0.639,1.941,1.458,0.99,0.928,2.002,0.963,1.34,0.71
"345",2012-10-30 09:25:00,1.021,1.159,1.158,1.068,0.959,1.066,0.746,0.864,0.679,0.908,1.399,0.754,0.648,1.948,1.444,0.971,0.922,2.013,0.951,1.319,0.709
"346",2012-10-30 09:35:00,1.012,1.156,1.148,1.057,0.961,1.057,0.754,0.875,0.684,0.899,1.376,0.772,0.668,1.959,1.433,0.959,0.926,2.029,0.948,1.303,0.722
"347",2012-10-30 09:45:00,1.014,1.162,1.143,1.052,0.975,1.059,0.774,0.898,0.701,0.903,1.357,0.804,0.702,1.967,1.425,0.956,0.942,2.044,0.953,1.296,0.747
"348",2012-10-30 09:55:00,1.028,1.178,1.146,1.058,1.001,1.072,0.805,0.932,0.731,0.917,1.345,0.849,0.748,1.967,1.422,0.962,0.968,2.059,0.969,1.299,0.784
"349",2012-10-30 10:05:00,1.055,1.203,1.156,1.074,1.037,1.093,0.848,0.976,0.773,0.942,1.341,0.905,0.806,1.961,1.426,0.98,1.003,2.076,0.994,1.308,0.833
"350",2012-10-30 10:15:00,1.093,1.237,1.178,1.104,1.083,1.127,0.903,1.029,0.828,0.978,1.349,0.972,0.88,1.961,1.438,1.008,1.05,2.1,1.03,1.326,0.895
"351",2012-10-30 10:25:00,1.137,1.277,1.209,1.141,1.136,1.168,0.966,1.09,0.895,1.021,1.364,1.045,0.962,1.961,1.457,1.045,1.104,2.127,1.077,1.349,0.967
"352",2012-10-30 10:35:00,1.189,1.323,1.245,1.186,1.195,1.216,1.036,1.156,0.973,1.073,1.383,1.124,1.05,1.954,1.481,1.092,1.164,2.154,1.131,1.379,1.044
"353",2012-10-30 10:45:00,1.246,1.372,1.284,1.238,1.259,1.269,1.111,1.223,1.055,1.133,1.405,1.205,1.142,1.946,1.509,1.147,1.229,2.183,1.189,1.411,1.124
"354",2012-10-30 10:55:00,1.307,1.422,1.326,1.295,1.325,1.324,1.188,1.293,1.139,1.197,1.429,1.288,1.237,1.941,1.541,1.208,1.293,2.212,1.249,1.447,1.208
"355",2012-10-30 11:05:00,1.368,1.472,1.371,1.355,1.389,1.38,1.265,1.362,1.224,1.261,1.455,1.368,1.331,1.94,1.574,1.273,1.358,2.239,1.31,1.483,1.292
"356",2012-10-30 11:15:00,1.431,1.521,1.419,1.415,1.454,1.435,1.344,1.431,1.31,1.329,1.48,1.449,1.423,1.935,1.605,1.341,1.421,2.263,1.373,1.52,1.376
"357",2012-10-30 11:25:00,1.493,1.568,1.465,1.473,1.518,1.49,1.423,1.501,1.396,1.398,1.502,1.531,1.513,1.928,1.633,1.409,1.482,2.281,1.437,1.556,1.459
"358",2012-10-30 11:35:00,1.553,1.616,1.51,1.53,1.58,1.544,1.5,1.569,1.476,1.468,1.525,1.608,1.599,1.92,1.659,1.477,1.539,2.293,1.499,1.593,1.538
"359",2012-10-30 11:45:00,1.614,1.663,1.557,1.589,1.641,1.597,1.577,1.636,1.552,1.539,1.55,1.682,1.682,1.917,1.686,1.548,1.596,2.301,1.559,1.633,1.615
"360",2012-10-30 11:55:00,1.672,1.707,1.605,1.643,1.696,1.647,1.648,1.696,1.622,1.606,1.577,1.748,1.757,1.908,1.714,1.615,1.649,2.305,1.617,1.67,1.687
"361",2012-10-30 12:05:00,1.727,1.748,1.655,1.695,1.746,1.695,1.715,1.755,1.689,1.671,1.609,1.809,1.825,1.898,1.741,1.68,1.699,2.306,1.673,1.707,1.755
"362",2012-10-30 12:15:00,1.78,1.786,1.703,1.743,1.793,1.741,1.776,1.806,1.748,1.734,1.644,1.857,1.884,1.891,1.767,1.74,1.743,2.303,1.724,1.744,1.814
"363",2012-10-30 12:25:00,1.828,1.821,1.752,1.789,1.833,1.783,1.825,1.849,1.797,1.79,1.681,1.892,1.93,1.886,1.796,1.795,1.779,2.299,1.769,1.783,1.861
"364",2012-10-30 12:35:00,1.869,1.85,1.8,1.831,1.866,1.817,1.863,1.88,1.833,1.84,1.721,1.914,1.959,1.883,1.824,1.844,1.806,2.292,1.809,1.818,1.894
"365",2012-10-30 12:45:00,1.901,1.868,1.842,1.865,1.889,1.842,1.887,1.903,1.853,1.877,1.761,1.922,1.971,1.879,1.85,1.882,1.823,2.283,1.839,1.847,1.914
"366",2012-10-30 12:55:00,1.923,1.88,1.88,1.889,1.901,1.858,1.897,1.917,1.862,1.905,1.797,1.92,1.973,1.876,1.872,1.91,1.829,2.272,1.86,1.873,1.92
"367",2012-10-30 13:05:00,1.934,1.884,1.905,1.903,1.906,1.863,1.896,1.921,1.858,1.921,1.824,1.907,1.963,1.876,1.888,1.926,1.825,2.256,1.87,1.892,1.911
"368",2012-10-30 13:15:00,1.936,1.88,1.924,1.908,1.903,1.86,1.883,1.916,1.846,1.926,1.845,1.886,1.94,1.875,1.899,1.932,1.812,2.236,1.869,1.906,1.892
"369",2012-10-30 13:25:00,1.929,1.869,1.931,1.904,1.891,1.848,1.861,1.905,1.823,1.918,1.859,1.856,1.902,1.871,1.903,1.926,1.79,2.21,1.86,1.91,1.862
"370",2012-10-30 13:35:00,1.915,1.854,1.932,1.891,1.872,1.828,1.833,1.887,1.789,1.901,1.866,1.82,1.856,1.863,1.901,1.909,1.761,2.177,1.842,1.908,1.824
"371",2012-10-30 13:45:00,1.893,1.835,1.923,1.869,1.846,1.803,1.799,1.864,1.748,1.877,1.867,1.776,1.808,1.85,1.892,1.885,1.728,2.137,1.817,1.901,1.774
"372",2012-10-30 13:55:00,1.863,1.81,1.906,1.84,1.815,1.773,1.759,1.837,1.706,1.844,1.862,1.733,1.756,1.834,1.877,1.854,1.689,2.092,1.786,1.889,1.724
"373",2012-10-30 14:05:00,1.829,1.784,1.884,1.808,1.782,1.738,1.715,1.806,1.661,1.805,1.851,1.688,1.701,1.812,1.857,1.815,1.648,2.044,1.747,1.872,1.675
"374",2012-10-30 14:15:00,1.793,1.756,1.856,1.771,1.747,1.701,1.671,1.771,1.615,1.761,1.836,1.641,1.648,1.783,1.834,1.772,1.608,1.996,1.704,1.849,1.625
"375",2012-10-30 14:25:00,1.755,1.725,1.826,1.731,1.709,1.66,1.625,1.736,1.571,1.714,1.818,1.592,1.596,1.75,1.805,1.728,1.567,1.944,1.658,1.823,1.574
"376",2012-10-30 14:35:00,1.711,1.691,1.788,1.688,1.668,1.618,1.575,1.694,1.524,1.664,1.793,1.541,1.544,1.712,1.769,1.68,1.521,1.893,1.612,1.792,1.52
"377",2012-10-30 14:45:00,1.663,1.652,1.743,1.643,1.622,1.574,1.523,1.645,1.475,1.609,1.76,1.49,1.492,1.671,1.73,1.628,1.473,1.845,1.562,1.755,1.467
"378",2012-10-30 14:55:00,1.609,1.609,1.692,1.596,1.573,1.527,1.469,1.591,1.424,1.549,1.72,1.439,1.442,1.625,1.686,1.572,1.425,1.796,1.508,1.711,1.416
"379",2012-10-30 15:05:00,1.551,1.56,1.637,1.542,1.519,1.475,1.414,1.536,1.37,1.484,1.67,1.389,1.392,1.577,1.633,1.514,1.371,1.743,1.45,1.658,1.364
"380",2012-10-30 15:15:00,1.49,1.505,1.575,1.481,1.46,1.42,1.354,1.476,1.312,1.417,1.608,1.338,1.342,1.525,1.573,1.451,1.314,1.689,1.388,1.598,1.311
"381",2012-10-30 15:25:00,1.425,1.447,1.508,1.417,1.398,1.362,1.294,1.412,1.255,1.348,1.538,1.287,1.293,1.47,1.507,1.387,1.259,1.635,1.326,1.532,1.259
"382",2012-10-30 15:35:00,1.357,1.385,1.434,1.35,1.335,1.301,1.236,1.347,1.196,1.276,1.463,1.235,1.242,1.411,1.435,1.318,1.201,1.577,1.257,1.461,1.205
"383",2012-10-30 15:45:00,1.288,1.32,1.356,1.279,1.269,1.237,1.176,1.28,1.134,1.204,1.386,1.182,1.192,1.349,1.36,1.246,1.142,1.517,1.186,1.386,1.151
"384",2012-10-30 15:55:00,1.217,1.256,1.281,1.207,1.202,1.173,1.118,1.213,1.073,1.135,1.307,1.131,1.143,1.287,1.283,1.177,1.083,1.455,1.117,1.313,1.098
"385",2012-10-30 16:05:00,1.146,1.192,1.205,1.135,1.135,1.109,1.059,1.145,1.012,1.066,1.226,1.079,1.092,1.223,1.206,1.107,1.025,1.39,1.05,1.24,1.043
"386",2012-10-30 16:15:00,1.077,1.13,1.131,1.064,1.069,1.047,0.999,1.074,0.951,0.999,1.148,1.026,1.04,1.158,1.131,1.04,0.969,1.326,0.983,1.17,0.988
"387",2012-10-30 16:25:00,1.012,1.07,1.062,0.998,1.008,0.988,0.942,1.006,0.893,0.935,1.077,0.974,0.988,1.095,1.062,0.977,0.915,1.264,0.92,1.101,0.935
"388",2012-10-30 16:35:00,0.952,1.013,0.998,0.936,0.95,0.931,0.883,0.94,0.835,0.876,1.009,0.922,0.937,1.033,0.995,0.917,0.86,1.204,0.861,1.035,0.883
"389",2012-10-30 16:45:00,0.894,0.955,0.937,0.875,0.893,0.875,0.825,0.875,0.779,0.82,0.945,0.868,0.887,0.973,0.93,0.861,0.806,1.144,0.803,0.973,0.831
"390",2012-10-30 16:55:00,0.836,0.896,0.878,0.816,0.837,0.819,0.765,0.808,0.723,0.765,0.882,0.809,0.834,0.914,0.868,0.806,0.751,1.083,0.747,0.912,0.777
"391",2012-10-30 17:05:00,0.775,0.834,0.819,0.757,0.777,0.762,0.703,0.741,0.664,0.708,0.818,0.749,0.78,0.856,0.805,0.749,0.691,1.023,0.689,0.85,0.72
"392",2012-10-30 17:15:00,0.715,0.768,0.759,0.698,0.717,0.704,0.64,0.674,0.604,0.649,0.755,0.687,0.725,0.797,0.743,0.69,0.628,0.966,0.629,0.786,0.661
"393",2012-10-30 17:25:00,0.655,0.7,0.699,0.639,0.656,0.644,0.575,0.61,0.544,0.589,0.693,0.625,0.67,0.739,0.683,0.631,0.564,0.908,0.568,0.721,0.601
"394",2012-10-30 17:35:00,0.593,0.632,0.637,0.579,0.595,0.582,0.512,0.547,0.484,0.528,0.627,0.562,0.614,0.681,0.621,0.57,0.5,0.848,0.507,0.655,0.539
"395",2012-10-30 17:45:00,0.53,0.564,0.575,0.518,0.532,0.519,0.449,0.486,0.424,0.467,0.561,0.499,0.558,0.622,0.558,0.509,0.436,0.788,0.446,0.59,0.477
"396",2012-10-30 17:55:00,0.467,0.496,0.512,0.456,0.469,0.456,0.389,0.429,0.364,0.406,0.496,0.437,0.501,0.563,0.495,0.448,0.372,0.726,0.385,0.525,0.417
"397",2012-10-30 18:05:00,0.407,0.434,0.449,0.397,0.41,0.395,0.335,0.377,0.307,0.347,0.433,0.381,0.448,0.504,0.433,0.388,0.312,0.663,0.328,0.463,0.361
"398",2012-10-30 18:15:00,0.353,0.376,0.388,0.339,0.358,0.338,0.285,0.329,0.254,0.294,0.372,0.328,0.397,0.444,0.375,0.333,0.257,0.601,0.275,0.403,0.307
"399",2012-10-30 18:25:00,0.304,0.326,0.33,0.284,0.31,0.284,0.237,0.285,0.204,0.247,0.312,0.278,0.346,0.383,0.321,0.284,0.208,0.538,0.229,0.349,0.256
"400",2012-10-30 18:35:00,0.258,0.28,0.278,0.235,0.266,0.236,0.193,0.241,0.159,0.205,0.256,0.229,0.297,0.325,0.273,0.24,0.163,0.48,0.189,0.301,0.208
"401",2012-10-30 18:45:00,0.216,0.238,0.23,0.19,0.223,0.19,0.151,0.198,0.115,0.165,0.206,0.183,0.249,0.271,0.23,0.2,0.12,0.424,0.15,0.256,0.163
"402",2012-10-30 18:55:00,0.178,0.197,0.188,0.151,0.185,0.148,0.112,0.161,0.074,0.127,0.163,0.143,0.206,0.22,0.191,0.162,0.079,0.373,0.114,0.214,0.124
"403",2012-10-30 19:05:00,0.14,0.159,0.148,0.115,0.149,0.108,0.077,0.127,0.037,0.091,0.123,0.105,0.166,0.171,0.155,0.127,0.04,0.323,0.08,0.173,0.088
"404",2012-10-30 19:15:00,0.108,0.123,0.11,0.08,0.117,0.073,0.042,0.098,0.004,0.06,0.085,0.068,0.13,0.126,0.121,0.095,0.005,0.28,0.05,0.137,0.054
"405",2012-10-30 19:25:00,0.078,0.089,0.077,0.045,0.086,0.04,0.008,0.069,-0.028,0.031,0.05,0.031,0.095,0.085,0.09,0.065,-0.028,0.241,0.023,0.104,0.021
"406",2012-10-30 19:35:00,0.048,0.058,0.048,0.014,0.057,0.011,-0.026,0.04,-0.058,0.003,0.017,-0.003,0.063,0.048,0.063,0.036,-0.057,0.207,-0.003,0.073,-0.01
"407",2012-10-30 19:45:00,0.022,0.03,0.022,-0.013,0.03,-0.015,-0.053,0.018,-0.085,-0.022,-0.012,-0.029,0.035,0.018,0.04,0.01,-0.084,0.178,-0.028,0.045,-0.034
"408",2012-10-30 19:55:00,-0.003,0.003,-0.001,-0.037,0.005,-0.039,-0.075,-0.002,-0.108,-0.045,-0.036,-0.05,0.012,-0.01,0.02,-0.015,-0.107,0.152,-0.051,0.019,-0.055
"409",2012-10-30 20:05:00,-0.022,-0.017,-0.021,-0.056,-0.013,-0.058,-0.092,-0.016,-0.124,-0.063,-0.054,-0.068,-0.006,-0.032,0.003,-0.035,-0.123,0.129,-0.068,-0.002,-0.07
"410",2012-10-30 20:15:00,-0.038,-0.032,-0.036,-0.071,-0.028,-0.071,-0.104,-0.026,-0.135,-0.075,-0.069,-0.082,-0.022,-0.049,-0.012,-0.049,-0.134,0.11,-0.08,-0.018,-0.083
"411",2012-10-30 20:25:00,-0.047,-0.041,-0.044,-0.079,-0.037,-0.079,-0.109,-0.033,-0.141,-0.08,-0.075,-0.089,-0.033,-0.061,-0.019,-0.057,-0.138,0.094,-0.085,-0.027,-0.089
"412",2012-10-30 20:35:00,-0.047,-0.042,-0.047,-0.079,-0.04,-0.08,-0.105,-0.03,-0.14,-0.077,-0.071,-0.086,-0.038,-0.065,-0.019,-0.055,-0.133,0.084,-0.084,-0.028,-0.086
"413",2012-10-30 20:45:00,-0.041,-0.035,-0.044,-0.071,-0.033,-0.073,-0.091,-0.021,-0.129,-0.066,-0.06,-0.075,-0.036,-0.062,-0.009,-0.044,-0.119,0.08,-0.074,-0.021,-0.072
"414",2012-10-30 20:55:00,-0.027,-0.019,-0.033,-0.056,-0.018,-0.057,-0.069,-0.006,-0.111,-0.046,-0.043,-0.058,-0.029,-0.054,0.007,-0.025,-0.098,0.08,-0.055,-0.007,-0.053
"415",2012-10-30 21:05:00,-0.003,0.005,-0.013,-0.031,0.006,-0.033,-0.041,0.016,-0.083,-0.016,-0.016,-0.035,-0.014,-0.04,0.031,0.004,-0.068,0.089,-0.027,0.017,-0.027
"416",2012-10-30 21:15:00,0.028,0.035,0.018,0.002,0.038,0.002,-0.006,0.044,-0.05,0.021,0.022,-0.003,0.005,-0.018,0.065,0.043,-0.029,0.105,0.01,0.048,0.007
"417",2012-10-30 21:25:00,0.067,0.071,0.059,0.044,0.076,0.043,0.039,0.079,-0.01,0.064,0.069,0.036,0.033,0.014,0.11,0.087,0.016,0.13,0.052,0.086,0.049
"418",2012-10-30 21:35:00,0.11,0.112,0.108,0.094,0.121,0.089,0.089,0.123,0.039,0.112,0.124,0.083,0.069,0.053,0.161,0.136,0.066,0.162,0.097,0.131,0.097
"419",2012-10-30 21:45:00,0.158,0.158,0.162,0.15,0.172,0.14,0.145,0.173,0.094,0.163,0.187,0.137,0.112,0.1,0.214,0.19,0.121,0.199,0.148,0.181,0.15
"420",2012-10-30 21:55:00,0.209,0.208,0.22,0.209,0.228,0.197,0.204,0.228,0.155,0.219,0.254,0.193,0.161,0.153,0.27,0.249,0.183,0.241,0.204,0.236,0.206
"421",2012-10-30 22:05:00,0.266,0.264,0.282,0.27,0.288,0.257,0.266,0.288,0.22,0.279,0.324,0.252,0.214,0.212,0.33,0.31,0.25,0.29,0.263,0.295,0.263
"422",2012-10-30 22:15:00,0.325,0.321,0.347,0.334,0.349,0.319,0.328,0.35,0.284,0.339,0.396,0.313,0.27,0.274,0.392,0.371,0.316,0.34,0.322,0.355,0.322
"423",2012-10-30 22:25:00,0.383,0.381,0.413,0.397,0.412,0.384,0.393,0.413,0.349,0.398,0.468,0.377,0.328,0.339,0.455,0.431,0.382,0.391,0.383,0.417,0.385
"424",2012-10-30 22:35:00,0.442,0.441,0.477,0.459,0.475,0.448,0.459,0.477,0.413,0.458,0.538,0.442,0.387,0.406,0.515,0.491,0.448,0.444,0.443,0.48,0.445
"425",2012-10-30 22:45:00,0.503,0.501,0.541,0.52,0.537,0.513,0.524,0.538,0.477,0.517,0.605,0.505,0.447,0.471,0.574,0.552,0.514,0.498,0.504,0.54,0.503
"426",2012-10-30 22:55:00,0.562,0.562,0.602,0.58,0.597,0.577,0.588,0.599,0.541,0.576,0.67,0.567,0.507,0.538,0.632,0.613,0.58,0.554,0.565,0.601,0.562
"427",2012-10-30 23:05:00,0.621,0.623,0.662,0.638,0.657,0.64,0.652,0.661,0.603,0.634,0.73,0.629,0.567,0.603,0.691,0.672,0.644,0.612,0.624,0.661,0.621
"428",2012-10-30 23:15:00,0.681,0.684,0.72,0.696,0.717,0.702,0.715,0.72,0.665,0.692,0.79,0.691,0.626,0.667,0.748,0.73,0.706,0.672,0.684,0.72,0.68
"429",2012-10-30 23:25:00,0.742,0.747,0.777,0.754,0.778,0.765,0.779,0.779,0.727,0.751,0.847,0.752,0.688,0.731,0.805,0.789,0.77,0.734,0.744,0.778,0.74
"430",2012-10-30 23:35:00,0.802,0.81,0.834,0.81,0.839,0.828,0.841,0.838,0.79,0.809,0.903,0.812,0.751,0.797,0.862,0.848,0.833,0.799,0.806,0.836,0.799
"431",2012-10-30 23:45:00,0.86,0.872,0.891,0.867,0.897,0.888,0.899,0.893,0.851,0.865,0.958,0.869,0.81,0.861,0.92,0.903,0.893,0.864,0.865,0.892,0.856
"432",2012-10-30 23:55:00,0.915,0.93,0.948,0.921,0.952,0.944,0.953,0.948,0.908,0.916,1.01,0.923,0.868,0.923,0.977,0.954,0.95,0.932,0.92,0.947,0.912
"433",2012-10-31 00:05:00,0.966,0.983,1.001,0.971,1.004,0.997,1.002,0.999,0.962,0.963,1.058,0.976,0.924,0.985,1.031,1.001,1.001,0.998,0.97,0.998,0.967
"434",2012-10-31 00:15:00,1.014,1.033,1.047,1.016,1.049,1.044,1.044,1.045,1.011,1.005,1.098,1.021,0.975,1.043,1.078,1.041,1.044,1.058,1.015,1.042,1.013
"435",2012-10-31 00:25:00,1.055,1.077,1.088,1.054,1.088,1.086,1.077,1.084,1.055,1.042,1.13,1.057,1.02,1.092,1.119,1.077,1.08,1.115,1.055,1.08,1.054
"436",2012-10-31 00:35:00,1.087,1.113,1.122,1.084,1.118,1.119,1.102,1.114,1.088,1.072,1.155,1.085,1.055,1.135,1.153,1.103,1.109,1.166,1.085,1.11,1.088
"437",2012-10-31 00:45:00,1.116,1.143,1.147,1.109,1.142,1.147,1.123,1.139,1.115,1.098,1.174,1.109,1.086,1.171,1.18,1.124,1.132,1.211,1.11,1.135,1.118
"438",2012-10-31 00:55:00,1.139,1.166,1.165,1.127,1.16,1.168,1.139,1.157,1.136,1.119,1.188,1.126,1.108,1.195,1.2,1.139,1.148,1.247,1.131,1.153,1.144
"439",2012-10-31 01:05:00,1.157,1.184,1.178,1.14,1.174,1.183,1.15,1.17,1.151,1.135,1.194,1.138,1.124,1.214,1.214,1.149,1.159,1.277,1.146,1.167,1.164
"440",2012-10-31 01:15:00,1.168,1.193,1.185,1.149,1.182,1.19,1.157,1.178,1.161,1.146,1.194,1.143,1.135,1.225,1.221,1.156,1.165,1.3,1.156,1.172,1.177
"441",2012-10-31 01:25:00,1.175,1.198,1.185,1.154,1.185,1.192,1.16,1.183,1.165,1.152,1.191,1.146,1.139,1.228,1.223,1.159,1.169,1.315,1.161,1.172,1.186
"442",2012-10-31 01:35:00,1.18,1.199,1.184,1.155,1.187,1.194,1.163,1.185,1.168,1.158,1.188,1.15,1.139,1.224,1.222,1.162,1.171,1.322,1.164,1.17,1.194
"443",2012-10-31 01:45:00,1.183,1.196,1.183,1.154,1.188,1.191,1.163,1.185,1.169,1.161,1.184,1.149,1.134,1.213,1.22,1.162,1.169,1.321,1.166,1.166,1.196
"444",2012-10-31 01:55:00,1.182,1.189,1.178,1.151,1.185,1.185,1.155,1.181,1.161,1.157,1.177,1.145,1.126,1.198,1.215,1.158,1.163,1.312,1.162,1.158,1.192
"445",2012-10-31 02:05:00,1.176,1.179,1.173,1.147,1.176,1.173,1.147,1.173,1.152,1.152,1.167,1.135,1.118,1.177,1.207,1.15,1.154,1.295,1.155,1.145,1.187
"446",2012-10-31 02:15:00,1.164,1.163,1.161,1.134,1.163,1.158,1.132,1.165,1.14,1.141,1.152,1.122,1.105,1.151,1.192,1.134,1.141,1.272,1.143,1.13,1.174
"447",2012-10-31 02:25:00,1.146,1.139,1.144,1.117,1.147,1.137,1.11,1.149,1.118,1.123,1.136,1.106,1.085,1.119,1.173,1.116,1.117,1.243,1.123,1.109,1.157
"448",2012-10-31 02:35:00,1.121,1.114,1.119,1.093,1.122,1.104,1.082,1.126,1.088,1.101,1.108,1.081,1.059,1.081,1.145,1.087,1.087,1.204,1.098,1.082,1.133
"449",2012-10-31 02:45:00,1.088,1.08,1.085,1.062,1.091,1.07,1.045,1.099,1.052,1.069,1.076,1.051,1.026,1.04,1.107,1.051,1.053,1.16,1.067,1.048,1.101
"450",2012-10-31 02:55:00,1.047,1.038,1.049,1.023,1.053,1.031,1.007,1.064,1.012,1.032,1.038,1.012,0.987,0.993,1.065,1.011,1.014,1.113,1.029,1.008,1.062
"451",2012-10-31 03:05:00,1.002,0.991,1.002,0.979,1.01,0.986,0.962,1.024,0.965,0.989,0.995,0.972,0.943,0.943,1.017,0.966,0.969,1.058,0.985,0.963,1.017
"452",2012-10-31 03:15:00,0.952,0.94,0.952,0.93,0.961,0.938,0.915,0.979,0.912,0.942,0.951,0.928,0.895,0.891,0.965,0.919,0.919,0.996,0.937,0.915,0.965
"453",2012-10-31 03:25:00,0.897,0.888,0.898,0.877,0.908,0.884,0.864,0.927,0.858,0.891,0.902,0.876,0.843,0.836,0.91,0.868,0.866,0.933,0.886,0.865,0.907
"454",2012-10-31 03:35:00,0.841,0.834,0.843,0.825,0.853,0.828,0.811,0.873,0.801,0.835,0.851,0.822,0.79,0.784,0.856,0.816,0.812,0.871,0.831,0.813,0.848
"455",2012-10-31 03:45:00,0.784,0.776,0.785,0.774,0.798,0.772,0.759,0.818,0.744,0.779,0.798,0.77,0.738,0.734,0.801,0.764,0.76,0.809,0.776,0.76,0.788
"456",2012-10-31 03:55:00,0.729,0.719,0.725,0.723,0.745,0.719,0.706,0.763,0.687,0.724,0.747,0.719,0.685,0.682,0.746,0.714,0.705,0.751,0.72,0.708,0.729
"457",2012-10-31 04:05:00,0.674,0.663,0.668,0.673,0.692,0.666,0.654,0.707,0.631,0.67,0.699,0.668,0.634,0.631,0.692,0.665,0.649,0.693,0.665,0.657,0.67
"458",2012-10-31 04:15:00,0.617,0.608,0.614,0.625,0.636,0.611,0.603,0.651,0.576,0.616,0.648,0.615,0.583,0.584,0.638,0.613,0.595,0.638,0.61,0.607,0.609
"459",2012-10-31 04:25:00,0.56,0.552,0.56,0.577,0.579,0.556,0.55,0.593,0.522,0.559,0.597,0.562,0.532,0.536,0.586,0.56,0.541,0.584,0.553,0.555,0.551
"460",2012-10-31 04:35:00,0.502,0.495,0.505,0.53,0.522,0.502,0.497,0.537,0.47,0.505,0.546,0.509,0.482,0.489,0.533,0.508,0.487,0.531,0.498,0.502,0.496
"461",2012-10-31 04:45:00,0.445,0.438,0.45,0.48,0.465,0.449,0.443,0.482,0.418,0.453,0.494,0.456,0.432,0.44,0.479,0.456,0.433,0.479,0.443,0.449,0.439
"462",2012-10-31 04:55:00,0.388,0.383,0.396,0.428,0.409,0.392,0.387,0.423,0.364,0.398,0.442,0.401,0.38,0.387,0.424,0.402,0.376,0.427,0.387,0.396,0.379
"463",2012-10-31 05:05:00,0.33,0.324,0.339,0.374,0.351,0.335,0.33,0.36,0.306,0.338,0.386,0.343,0.324,0.332,0.366,0.344,0.318,0.373,0.327,0.34,0.319
"464",2012-10-31 05:15:00,0.271,0.262,0.281,0.317,0.29,0.276,0.273,0.298,0.249,0.278,0.329,0.284,0.269,0.277,0.306,0.287,0.26,0.316,0.268,0.283,0.259
"465",2012-10-31 05:25:00,0.21,0.2,0.222,0.258,0.231,0.218,0.214,0.237,0.191,0.219,0.272,0.225,0.212,0.22,0.245,0.229,0.203,0.259,0.208,0.225,0.198
"466",2012-10-31 05:35:00,0.152,0.141,0.162,0.2,0.175,0.162,0.158,0.177,0.134,0.16,0.217,0.167,0.156,0.163,0.184,0.172,0.148,0.201,0.151,0.168,0.14
"467",2012-10-31 05:45:00,0.097,0.086,0.107,0.145,0.12,0.109,0.104,0.121,0.081,0.105,0.164,0.112,0.103,0.109,0.126,0.118,0.094,0.146,0.095,0.115,0.083
"468",2012-10-31 05:55:00,0.044,0.033,0.054,0.09,0.068,0.059,0.053,0.068,0.031,0.05,0.113,0.059,0.051,0.055,0.072,0.066,0.043,0.092,0.043,0.065,0.028
"469",2012-10-31 06:05:00,0,-0.012,0.009,0.043,0.025,0.017,0.009,0.021,-0.012,0.003,0.068,0.014,0.005,0.01,0.026,0.02,-0.001,0.043,-0.002,0.02,-0.018
"470",2012-10-31 06:15:00,-0.04,-0.054,-0.032,0.002,-0.015,-0.024,-0.033,-0.02,-0.052,-0.039,0.026,-0.029,-0.036,-0.031,-0.015,-0.021,-0.04,-0.002,-0.044,-0.022,-0.058
"471",2012-10-31 06:25:00,-0.076,-0.091,-0.069,-0.034,-0.051,-0.061,-0.071,-0.054,-0.086,-0.075,-0.011,-0.067,-0.073,-0.067,-0.052,-0.057,-0.076,-0.038,-0.081,-0.057,-0.094
"472",2012-10-31 06:35:00,-0.106,-0.122,-0.1,-0.065,-0.082,-0.091,-0.103,-0.086,-0.116,-0.106,-0.041,-0.1,-0.105,-0.099,-0.081,-0.089,-0.109,-0.07,-0.113,-0.088,-0.125
"473",2012-10-31 06:45:00,-0.133,-0.149,-0.126,-0.094,-0.11,-0.116,-0.135,-0.114,-0.142,-0.135,-0.069,-0.131,-0.134,-0.129,-0.106,-0.117,-0.139,-0.096,-0.142,-0.116,-0.152
"474",2012-10-31 06:55:00,-0.156,-0.171,-0.146,-0.121,-0.134,-0.137,-0.164,-0.136,-0.162,-0.16,-0.095,-0.156,-0.16,-0.154,-0.127,-0.144,-0.165,-0.121,-0.166,-0.14,-0.173
"475",2012-10-31 07:05:00,-0.172,-0.187,-0.158,-0.141,-0.151,-0.155,-0.185,-0.152,-0.177,-0.176,-0.114,-0.175,-0.179,-0.173,-0.141,-0.165,-0.183,-0.141,-0.182,-0.158,-0.187
"476",2012-10-31 07:15:00,-0.185,-0.202,-0.171,-0.159,-0.167,-0.172,-0.206,-0.167,-0.192,-0.191,-0.131,-0.193,-0.195,-0.191,-0.154,-0.182,-0.201,-0.156,-0.197,-0.173,-0.199
"477",2012-10-31 07:25:00,-0.198,-0.215,-0.183,-0.175,-0.181,-0.186,-0.223,-0.179,-0.204,-0.202,-0.144,-0.208,-0.211,-0.208,-0.165,-0.195,-0.218,-0.165,-0.211,-0.186,-0.209
"478",2012-10-31 07:35:00,-0.208,-0.225,-0.192,-0.189,-0.192,-0.196,-0.239,-0.189,-0.215,-0.212,-0.157,-0.222,-0.225,-0.222,-0.174,-0.207,-0.233,-0.174,-0.221,-0.196,-0.217
"479",2012-10-31 07:45:00,-0.213,-0.229,-0.197,-0.2,-0.198,-0.199,-0.25,-0.193,-0.222,-0.218,-0.165,-0.229,-0.236,-0.232,-0.178,-0.215,-0.242,-0.181,-0.225,-0.202,-0.221
"480",2012-10-31 07:55:00,-0.21,-0.227,-0.194,-0.205,-0.197,-0.198,-0.253,-0.19,-0.221,-0.215,-0.167,-0.228,-0.24,-0.232,-0.176,-0.216,-0.243,-0.185,-0.222,-0.2,-0.214
"481",2012-10-31 08:05:00,-0.199,-0.22,-0.186,-0.2,-0.188,-0.192,-0.246,-0.181,-0.214,-0.205,-0.159,-0.222,-0.235,-0.223,-0.166,-0.207,-0.233,-0.179,-0.211,-0.189,-0.202
"482",2012-10-31 08:15:00,-0.185,-0.206,-0.174,-0.186,-0.173,-0.18,-0.233,-0.165,-0.203,-0.19,-0.145,-0.21,-0.224,-0.21,-0.151,-0.19,-0.221,-0.164,-0.196,-0.173,-0.185
"483",2012-10-31 08:25:00,-0.161,-0.183,-0.151,-0.165,-0.15,-0.157,-0.212,-0.14,-0.184,-0.168,-0.123,-0.188,-0.206,-0.189,-0.129,-0.164,-0.2,-0.14,-0.172,-0.149,-0.158
"484",2012-10-31 08:35:00,-0.127,-0.149,-0.12,-0.139,-0.118,-0.124,-0.182,-0.104,-0.154,-0.136,-0.097,-0.157,-0.181,-0.16,-0.099,-0.131,-0.17,-0.112,-0.139,-0.117,-0.122
"485",2012-10-31 08:45:00,-0.084,-0.105,-0.077,-0.103,-0.074,-0.079,-0.143,-0.057,-0.114,-0.092,-0.061,-0.114,-0.146,-0.12,-0.057,-0.089,-0.128,-0.075,-0.095,-0.075,-0.076
"486",2012-10-31 08:55:00,-0.028,-0.05,-0.022,-0.054,-0.018,-0.027,-0.091,-0.002,-0.063,-0.036,-0.012,-0.06,-0.1,-0.068,-0.004,-0.037,-0.073,-0.028,-0.04,-0.022,-0.017
"487",2012-10-31 09:05:00,0.034,0.01,0.037,0.004,0.04,0.028,-0.032,0.058,-0.008,0.025,0.044,-0.003,-0.045,-0.01,0.055,0.024,-0.012,0.03,0.02,0.038,0.045
"488",2012-10-31 09:15:00,0.098,0.075,0.102,0.066,0.104,0.09,0.032,0.124,0.052,0.089,0.104,0.059,0.016,0.051,0.117,0.089,0.052,0.097,0.085,0.103,0.112
"489",2012-10-31 09:25:00,0.17,0.147,0.174,0.132,0.174,0.158,0.101,0.193,0.119,0.158,0.167,0.129,0.082,0.117,0.185,0.157,0.122,0.163,0.157,0.171,0.186
"490",2012-10-31 09:35:00,0.245,0.223,0.248,0.204,0.248,0.232,0.176,0.267,0.191,0.232,0.236,0.204,0.155,0.188,0.255,0.228,0.198,0.234,0.234,0.244,0.262
"491",2012-10-31 09:45:00,0.32,0.298,0.322,0.275,0.324,0.302,0.249,0.342,0.265,0.305,0.306,0.279,0.228,0.261,0.326,0.3,0.275,0.308,0.308,0.316,0.339
"492",2012-10-31 09:55:00,0.394,0.374,0.395,0.348,0.399,0.372,0.325,0.414,0.336,0.38,0.378,0.354,0.304,0.334,0.397,0.373,0.353,0.381,0.385,0.388,0.416
"493",2012-10-31 10:05:00,0.465,0.446,0.463,0.42,0.47,0.44,0.398,0.486,0.405,0.449,0.447,0.426,0.379,0.404,0.464,0.443,0.428,0.454,0.456,0.457,0.489
"494",2012-10-31 10:15:00,0.531,0.518,0.529,0.485,0.539,0.507,0.469,0.556,0.47,0.515,0.512,0.496,0.449,0.47,0.528,0.508,0.496,0.52,0.525,0.522,0.56
"495",2012-10-31 10:25:00,0.593,0.584,0.591,0.546,0.604,0.572,0.537,0.619,0.535,0.579,0.573,0.565,0.517,0.534,0.589,0.57,0.563,0.58,0.592,0.584,0.626
"496",2012-10-31 10:35:00,0.653,0.648,0.65,0.609,0.668,0.634,0.603,0.682,0.598,0.64,0.635,0.631,0.583,0.596,0.649,0.632,0.631,0.638,0.656,0.643,0.691
"497",2012-10-31 10:45:00,0.709,0.708,0.706,0.667,0.729,0.69,0.665,0.74,0.656,0.697,0.692,0.692,0.645,0.656,0.706,0.692,0.693,0.694,0.716,0.7,0.752
"498",2012-10-31 10:55:00,0.764,0.765,0.761,0.724,0.785,0.745,0.726,0.794,0.713,0.754,0.748,0.749,0.707,0.715,0.761,0.75,0.753,0.749,0.774,0.755,0.808
"499",2012-10-31 11:05:00,0.817,0.82,0.813,0.782,0.84,0.802,0.785,0.849,0.768,0.809,0.804,0.806,0.767,0.771,0.816,0.808,0.81,0.803,0.829,0.808,0.862
"500",2012-10-31 11:15:00,0.872,0.876,0.867,0.838,0.896,0.859,0.842,0.905,0.826,0.865,0.86,0.864,0.826,0.828,0.873,0.866,0.866,0.856,0.885,0.86,0.918
"501",2012-10-31 11:25:00,0.927,0.933,0.924,0.894,0.953,0.915,0.9,0.958,0.885,0.922,0.917,0.922,0.884,0.887,0.931,0.925,0.925,0.91,0.941,0.913,0.974
"502",2012-10-31 11:35:00,0.978,0.986,0.977,0.949,1.006,0.966,0.957,1.009,0.939,0.976,0.972,0.975,0.943,0.942,0.988,0.979,0.98,0.965,0.995,0.964,1.025
"503",2012-10-31 11:45:00,1.024,1.034,1.025,0.999,1.054,1.014,1.007,1.056,0.988,1.024,1.023,1.022,0.997,0.993,1.037,1.029,1.026,1.016,1.042,1.01,1.071
"504",2012-10-31 11:55:00,1.064,1.079,1.067,1.043,1.1,1.059,1.053,1.099,1.034,1.067,1.07,1.067,1.044,1.04,1.083,1.073,1.069,1.059,1.086,1.051,1.112
"505",2012-10-31 12:05:00,1.103,1.12,1.106,1.083,1.141,1.1,1.093,1.138,1.077,1.107,1.112,1.109,1.086,1.082,1.126,1.111,1.108,1.096,1.126,1.089,1.149
"506",2012-10-31 12:15:00,1.136,1.153,1.14,1.119,1.176,1.135,1.126,1.17,1.111,1.14,1.15,1.14,1.12,1.117,1.162,1.146,1.14,1.13,1.158,1.121,1.179
"507",2012-10-31 12:25:00,1.162,1.18,1.166,1.148,1.205,1.164,1.154,1.199,1.138,1.167,1.181,1.165,1.15,1.147,1.193,1.175,1.167,1.16,1.186,1.149,1.204
"508",2012-10-31 12:35:00,1.186,1.205,1.192,1.175,1.231,1.192,1.177,1.225,1.164,1.192,1.207,1.187,1.174,1.173,1.222,1.201,1.19,1.183,1.209,1.174,1.227
"509",2012-10-31 12:45:00,1.209,1.229,1.216,1.197,1.255,1.218,1.199,1.249,1.187,1.214,1.231,1.209,1.194,1.195,1.245,1.223,1.211,1.203,1.23,1.197,1.245
"510",2012-10-31 12:55:00,1.231,1.249,1.238,1.216,1.277,1.238,1.218,1.27,1.207,1.232,1.254,1.225,1.212,1.216,1.266,1.243,1.232,1.221,1.25,1.219,1.262
"511",2012-10-31 13:05:00,1.25,1.266,1.256,1.234,1.295,1.258,1.235,1.287,1.223,1.248,1.273,1.238,1.227,1.234,1.286,1.263,1.249,1.239,1.265,1.238,1.278
"512",2012-10-31 13:15:00,1.266,1.282,1.274,1.25,1.312,1.273,1.25,1.304,1.241,1.261,1.289,1.248,1.235,1.249,1.304,1.281,1.26,1.256,1.28,1.255,1.292
"513",2012-10-31 13:25:00,1.282,1.296,1.291,1.265,1.327,1.289,1.263,1.32,1.255,1.275,1.305,1.259,1.244,1.265,1.32,1.296,1.274,1.27,1.292,1.273,1.304
"514",2012-10-31 13:35:00,1.297,1.31,1.305,1.279,1.337,1.303,1.272,1.331,1.267,1.287,1.318,1.267,1.252,1.278,1.333,1.309,1.285,1.283,1.301,1.288,1.315
"515",2012-10-31 13:45:00,1.31,1.321,1.318,1.289,1.346,1.315,1.279,1.342,1.277,1.296,1.329,1.275,1.258,1.288,1.347,1.32,1.293,1.295,1.308,1.301,1.323
"516",2012-10-31 13:55:00,1.319,1.332,1.325,1.295,1.351,1.324,1.285,1.348,1.283,1.301,1.335,1.279,1.263,1.293,1.355,1.326,1.298,1.304,1.316,1.31,1.326
"517",2012-10-31 14:05:00,1.323,1.337,1.33,1.299,1.353,1.327,1.287,1.349,1.284,1.303,1.335,1.28,1.261,1.297,1.359,1.326,1.298,1.309,1.317,1.316,1.327
"518",2012-10-31 14:15:00,1.319,1.335,1.328,1.295,1.347,1.325,1.282,1.344,1.281,1.298,1.33,1.274,1.254,1.295,1.358,1.321,1.292,1.307,1.311,1.316,1.322
"519",2012-10-31 14:25:00,1.311,1.328,1.318,1.284,1.335,1.315,1.271,1.335,1.271,1.286,1.324,1.262,1.241,1.285,1.35,1.309,1.282,1.302,1.299,1.307,1.309
"520",2012-10-31 14:35:00,1.296,1.311,1.302,1.266,1.315,1.297,1.252,1.317,1.251,1.267,1.308,1.244,1.22,1.268,1.337,1.289,1.264,1.287,1.279,1.292,1.29
"521",2012-10-31 14:45:00,1.27,1.29,1.276,1.241,1.289,1.272,1.228,1.293,1.223,1.24,1.284,1.22,1.193,1.241,1.315,1.261,1.237,1.268,1.251,1.269,1.265
"522",2012-10-31 14:55:00,1.241,1.262,1.248,1.211,1.258,1.241,1.198,1.263,1.192,1.209,1.254,1.191,1.161,1.211,1.289,1.228,1.206,1.241,1.219,1.242,1.236
"523",2012-10-31 15:05:00,1.205,1.226,1.213,1.177,1.222,1.204,1.16,1.228,1.153,1.17,1.218,1.156,1.123,1.176,1.256,1.189,1.168,1.208,1.181,1.207,1.197
"524",2012-10-31 15:15:00,1.167,1.185,1.173,1.139,1.182,1.164,1.118,1.188,1.11,1.128,1.18,1.118,1.081,1.136,1.217,1.146,1.128,1.174,1.139,1.168,1.155
"525",2012-10-31 15:25:00,1.12,1.137,1.126,1.093,1.135,1.114,1.071,1.141,1.061,1.081,1.133,1.074,1.035,1.088,1.173,1.099,1.081,1.132,1.091,1.122,1.109
"526",2012-10-31 15:35:00,1.071,1.088,1.078,1.045,1.086,1.065,1.025,1.093,1.012,1.036,1.084,1.027,0.99,1.041,1.128,1.052,1.032,1.088,1.043,1.075,1.061
"527",2012-10-31 15:45:00,1.019,1.036,1.029,0.994,1.035,1.014,0.972,1.041,0.958,0.985,1.034,0.977,0.938,0.988,1.077,0.998,0.98,1.041,0.99,1.025,1.009
"528",2012-10-31 15:55:00,0.967,0.984,0.975,0.94,0.981,0.959,0.915,0.987,0.9,0.931,0.983,0.923,0.884,0.935,1.024,0.943,0.928,0.991,0.935,0.972,0.955
"529",2012-10-31 16:05:00,0.915,0.93,0.92,0.886,0.925,0.904,0.857,0.93,0.844,0.877,0.93,0.869,0.83,0.882,0.971,0.888,0.876,0.936,0.884,0.917,0.901
"530",2012-10-31 16:15:00,0.859,0.875,0.862,0.827,0.867,0.847,0.801,0.874,0.787,0.821,0.875,0.815,0.773,0.825,0.913,0.829,0.82,0.88,0.829,0.857,0.843
"531",2012-10-31 16:25:00,0.799,0.817,0.802,0.767,0.81,0.785,0.743,0.816,0.723,0.762,0.817,0.757,0.715,0.765,0.85,0.766,0.763,0.822,0.772,0.796,0.784
"532",2012-10-31 16:35:00,0.736,0.757,0.741,0.703,0.75,0.723,0.679,0.755,0.657,0.7,0.756,0.698,0.654,0.703,0.787,0.7,0.701,0.76,0.711,0.732,0.727
"533",2012-10-31 16:45:00,0.67,0.693,0.676,0.638,0.686,0.658,0.614,0.693,0.593,0.636,0.693,0.636,0.589,0.639,0.724,0.632,0.638,0.695,0.648,0.666,0.665
"534",2012-10-31 16:55:00,0.606,0.628,0.609,0.572,0.623,0.591,0.548,0.63,0.528,0.569,0.63,0.572,0.527,0.571,0.658,0.562,0.575,0.631,0.586,0.6,0.601
"535",2012-10-31 17:05:00,0.538,0.559,0.541,0.505,0.559,0.523,0.483,0.564,0.459,0.502,0.563,0.507,0.461,0.502,0.589,0.491,0.51,0.564,0.52,0.53,0.538
"536",2012-10-31 17:15:00,0.468,0.49,0.473,0.436,0.49,0.453,0.414,0.496,0.389,0.434,0.493,0.44,0.392,0.434,0.518,0.42,0.444,0.494,0.453,0.46,0.473
"537",2012-10-31 17:25:00,0.398,0.42,0.404,0.366,0.42,0.384,0.345,0.429,0.322,0.367,0.423,0.373,0.324,0.365,0.448,0.351,0.378,0.424,0.386,0.392,0.408
"538",2012-10-31 17:35:00,0.332,0.353,0.337,0.299,0.354,0.317,0.278,0.365,0.257,0.301,0.356,0.308,0.26,0.299,0.379,0.286,0.314,0.358,0.323,0.325,0.345
"539",2012-10-31 17:45:00,0.268,0.289,0.272,0.235,0.292,0.254,0.215,0.301,0.194,0.238,0.29,0.246,0.198,0.236,0.311,0.225,0.252,0.294,0.261,0.261,0.284
"540",2012-10-31 17:55:00,0.206,0.227,0.207,0.171,0.23,0.193,0.155,0.238,0.133,0.177,0.225,0.185,0.137,0.173,0.246,0.166,0.192,0.231,0.202,0.198,0.225
"541",2012-10-31 18:05:00,0.148,0.171,0.148,0.112,0.173,0.137,0.1,0.181,0.075,0.121,0.165,0.13,0.082,0.115,0.185,0.11,0.137,0.175,0.148,0.139,0.171
"542",2012-10-31 18:15:00,0.095,0.122,0.098,0.061,0.123,0.088,0.05,0.131,0.026,0.073,0.113,0.081,0.033,0.066,0.132,0.06,0.089,0.126,0.099,0.088,0.124
"543",2012-10-31 18:25:00,0.048,0.075,0.048,0.011,0.074,0.041,0,0.083,-0.021,0.026,0.063,0.033,-0.015,0.019,0.083,0.013,0.043,0.08,0.05,0.04,0.078
"544",2012-10-31 18:35:00,0.005,0.033,0.004,-0.036,0.029,-0.003,-0.044,0.039,-0.065,-0.018,0.017,-0.011,-0.06,-0.025,0.038,-0.031,0,0.036,0.005,-0.004,0.033
"545",2012-10-31 18:45:00,-0.037,-0.009,-0.04,-0.08,-0.015,-0.045,-0.087,-0.007,-0.107,-0.06,-0.028,-0.053,-0.102,-0.067,-0.005,-0.073,-0.041,-0.006,-0.04,-0.046,-0.011
"546",2012-10-31 18:55:00,-0.077,-0.048,-0.08,-0.122,-0.056,-0.084,-0.129,-0.047,-0.148,-0.099,-0.069,-0.093,-0.14,-0.107,-0.046,-0.113,-0.082,-0.043,-0.081,-0.087,-0.053
"547",2012-10-31 19:05:00,-0.115,-0.082,-0.115,-0.159,-0.092,-0.118,-0.166,-0.082,-0.185,-0.133,-0.107,-0.129,-0.174,-0.142,-0.084,-0.152,-0.118,-0.074,-0.118,-0.123,-0.089
"548",2012-10-31 19:15:00,-0.145,-0.113,-0.145,-0.194,-0.124,-0.15,-0.2,-0.114,-0.217,-0.163,-0.139,-0.162,-0.209,-0.172,-0.114,-0.188,-0.149,-0.102,-0.153,-0.152,-0.121
"549",2012-10-31 19:25:00,-0.174,-0.144,-0.175,-0.228,-0.156,-0.182,-0.234,-0.146,-0.248,-0.193,-0.172,-0.194,-0.243,-0.203,-0.144,-0.22,-0.181,-0.132,-0.188,-0.181,-0.154
"550",2012-10-31 19:35:00,-0.202,-0.171,-0.202,-0.26,-0.186,-0.211,-0.266,-0.174,-0.278,-0.223,-0.204,-0.225,-0.272,-0.234,-0.174,-0.25,-0.212,-0.159,-0.22,-0.209,-0.185
"551",2012-10-31 19:45:00,-0.229,-0.196,-0.228,-0.288,-0.213,-0.237,-0.294,-0.201,-0.306,-0.25,-0.234,-0.254,-0.296,-0.261,-0.202,-0.278,-0.241,-0.182,-0.247,-0.235,-0.213
"552",2012-10-31 19:55:00,-0.253,-0.214,-0.247,-0.311,-0.234,-0.258,-0.319,-0.222,-0.328,-0.271,-0.26,-0.278,-0.318,-0.281,-0.226,-0.301,-0.265,-0.2,-0.27,-0.255,-0.234
"553",2012-10-31 20:05:00,-0.268,-0.228,-0.26,-0.33,-0.251,-0.274,-0.338,-0.238,-0.343,-0.285,-0.28,-0.296,-0.337,-0.294,-0.241,-0.318,-0.28,-0.215,-0.289,-0.268,-0.248
"554",2012-10-31 20:15:00,-0.275,-0.239,-0.27,-0.346,-0.264,-0.287,-0.354,-0.251,-0.355,-0.298,-0.294,-0.311,-0.35,-0.306,-0.252,-0.329,-0.289,-0.225,-0.303,-0.278,-0.26
"555",2012-10-31 20:25:00,-0.28,-0.243,-0.275,-0.356,-0.271,-0.295,-0.364,-0.258,-0.364,-0.307,-0.304,-0.321,-0.356,-0.313,-0.261,-0.335,-0.298,-0.231,-0.313,-0.285,-0.268
"556",2012-10-31 20:35:00,-0.282,-0.24,-0.274,-0.359,-0.272,-0.296,-0.369,-0.259,-0.368,-0.309,-0.311,-0.325,-0.357,-0.313,-0.264,-0.334,-0.302,-0.23,-0.315,-0.287,-0.269
"557",2012-10-31 20:45:00,-0.275,-0.227,-0.265,-0.354,-0.263,-0.288,-0.365,-0.25,-0.363,-0.303,-0.31,-0.321,-0.347,-0.304,-0.258,-0.328,-0.297,-0.219,-0.306,-0.28,-0.262
"558",2012-10-31 20:55:00,-0.259,-0.208,-0.243,-0.337,-0.245,-0.27,-0.351,-0.232,-0.346,-0.286,-0.298,-0.307,-0.327,-0.283,-0.243,-0.315,-0.281,-0.199,-0.291,-0.262,-0.242
"559",2012-10-31 21:05:00,-0.23,-0.183,-0.214,-0.314,-0.222,-0.247,-0.328,-0.209,-0.321,-0.261,-0.278,-0.284,-0.302,-0.254,-0.217,-0.293,-0.253,-0.174,-0.271,-0.234,-0.215
"560",2012-10-31 21:15:00,-0.197,-0.152,-0.183,-0.285,-0.194,-0.219,-0.301,-0.181,-0.291,-0.233,-0.253,-0.259,-0.271,-0.223,-0.189,-0.263,-0.223,-0.144,-0.246,-0.204,-0.187
"561",2012-10-31 21:25:00,-0.161,-0.115,-0.146,-0.251,-0.159,-0.184,-0.267,-0.147,-0.254,-0.198,-0.222,-0.226,-0.233,-0.186,-0.156,-0.227,-0.189,-0.108,-0.213,-0.168,-0.152
"562",2012-10-31 21:35:00,-0.119,-0.072,-0.102,-0.209,-0.116,-0.142,-0.225,-0.105,-0.212,-0.157,-0.185,-0.185,-0.187,-0.142,-0.117,-0.185,-0.147,-0.065,-0.172,-0.124,-0.108
"563",2012-10-31 21:45:00,-0.069,-0.022,-0.051,-0.16,-0.066,-0.092,-0.176,-0.055,-0.161,-0.108,-0.141,-0.137,-0.134,-0.09,-0.071,-0.135,-0.099,-0.014,-0.125,-0.073,-0.057
"564",2012-10-31 21:55:00,-0.012,0.03,0.005,-0.105,-0.013,-0.038,-0.121,-0.001,-0.104,-0.052,-0.092,-0.082,-0.079,-0.033,-0.018,-0.08,-0.042,0.039,-0.075,-0.015,0.001
"565",2012-10-31 22:05:00,0.047,0.085,0.063,-0.049,0.042,0.017,-0.062,0.054,-0.044,0.005,-0.039,-0.025,-0.02,0.024,0.037,-0.019,0.017,0.093,-0.021,0.044,0.06
"566",2012-10-31 22:15:00,0.105,0.143,0.12,0.01,0.1,0.075,-0.002,0.111,0.017,0.064,0.013,0.034,0.042,0.083,0.091,0.045,0.077,0.149,0.036,0.102,0.119
"567",2012-10-31 22:25:00,0.163,0.203,0.179,0.071,0.163,0.137,0.062,0.172,0.08,0.124,0.068,0.095,0.105,0.144,0.147,0.109,0.137,0.209,0.095,0.162,0.181
"568",2012-10-31 22:35:00,0.224,0.263,0.24,0.133,0.224,0.198,0.127,0.235,0.144,0.185,0.124,0.159,0.167,0.206,0.205,0.17,0.2,0.268,0.155,0.223,0.245
"569",2012-10-31 22:45:00,0.284,0.322,0.299,0.194,0.284,0.257,0.191,0.295,0.208,0.246,0.182,0.222,0.226,0.268,0.263,0.231,0.264,0.325,0.212,0.284,0.308
"570",2012-10-31 22:55:00,0.342,0.377,0.353,0.252,0.34,0.313,0.252,0.351,0.269,0.305,0.238,0.281,0.282,0.325,0.318,0.292,0.326,0.378,0.266,0.341,0.368
"571",2012-10-31 23:05:00,0.398,0.433,0.406,0.308,0.396,0.367,0.311,0.407,0.329,0.361,0.291,0.339,0.337,0.38,0.372,0.352,0.385,0.429,0.319,0.396,0.426
"572",2012-10-31 23:15:00,0.452,0.488,0.459,0.362,0.452,0.423,0.371,0.463,0.387,0.416,0.344,0.396,0.392,0.436,0.422,0.41,0.443,0.483,0.373,0.449,0.483
"573",2012-10-31 23:25:00,0.505,0.544,0.512,0.416,0.507,0.477,0.43,0.518,0.444,0.472,0.396,0.453,0.446,0.491,0.473,0.467,0.501,0.535,0.426,0.505,0.54
"574",2012-10-31 23:35:00,0.559,0.596,0.564,0.468,0.56,0.53,0.489,0.571,0.501,0.526,0.448,0.508,0.498,0.546,0.525,0.522,0.56,0.587,0.477,0.559,0.596
"575",2012-10-31 23:45:00,0.612,0.647,0.615,0.521,0.612,0.582,0.548,0.622,0.558,0.579,0.5,0.562,0.549,0.6,0.575,0.578,0.618,0.638,0.526,0.614,0.65
"576",2012-10-31 23:55:00,0.662,0.696,0.662,0.569,0.661,0.631,0.604,0.671,0.612,0.63,0.55,0.614,0.597,0.65,0.623,0.63,0.672,0.684,0.572,0.664,0.7
"577",2012-11-01 00:05:00,0.71,0.744,0.709,0.616,0.71,0.682,0.658,0.72,0.664,0.68,0.599,0.664,0.647,0.699,0.668,0.679,0.723,0.733,0.621,0.712,0.751
"578",2012-11-01 00:15:00,0.755,0.789,0.754,0.661,0.756,0.73,0.71,0.766,0.715,0.729,0.645,0.712,0.692,0.746,0.712,0.725,0.773,0.78,0.667,0.759,0.8
"579",2012-11-01 00:25:00,0.798,0.829,0.793,0.7,0.796,0.772,0.758,0.808,0.76,0.773,0.686,0.754,0.73,0.79,0.754,0.766,0.819,0.82,0.705,0.801,0.845
"580",2012-11-01 00:35:00,0.835,0.864,0.827,0.734,0.831,0.81,0.798,0.845,0.801,0.811,0.722,0.79,0.764,0.825,0.79,0.802,0.86,0.855,0.741,0.837,0.884
"581",2012-11-01 00:45:00,0.867,0.896,0.857,0.764,0.862,0.844,0.835,0.876,0.835,0.844,0.753,0.822,0.795,0.856,0.822,0.833,0.894,0.885,0.774,0.867,0.918
"582",2012-11-01 00:55:00,0.895,0.926,0.885,0.791,0.892,0.875,0.868,0.905,0.866,0.873,0.78,0.849,0.824,0.886,0.849,0.857,0.924,0.914,0.804,0.896,0.949
"583",2012-11-01 01:05:00,0.921,0.95,0.909,0.815,0.915,0.903,0.896,0.93,0.894,0.899,0.805,0.873,0.847,0.911,0.876,0.876,0.953,0.938,0.83,0.921,0.976
"584",2012-11-01 01:15:00,0.947,0.969,0.932,0.834,0.934,0.925,0.919,0.948,0.916,0.922,0.826,0.891,0.866,0.931,0.9,0.895,0.979,0.959,0.851,0.943,0.997
"585",2012-11-01 01:25:00,0.969,0.988,0.951,0.854,0.952,0.946,0.939,0.964,0.936,0.942,0.844,0.906,0.886,0.949,0.92,0.913,0.999,0.98,0.871,0.962,1.016
"586",2012-11-01 01:35:00,0.988,1.006,0.969,0.874,0.969,0.967,0.958,0.982,0.955,0.961,0.861,0.921,0.906,0.967,0.939,0.93,1.018,0.999,0.892,0.981,1.034
"587",2012-11-01 01:45:00,1.005,1.023,0.989,0.894,0.985,0.987,0.977,0.997,0.975,0.981,0.877,0.936,0.928,0.983,0.957,0.945,1.037,1.018,0.912,1,1.051
"588",2012-11-01 01:55:00,1.021,1.034,1.005,0.911,0.998,1.005,0.992,1.007,0.991,1,0.892,0.948,0.947,0.996,0.972,0.958,1.052,1.035,0.927,1.015,1.063
"589",2012-11-01 02:05:00,1.032,1.041,1.016,0.923,1.006,1.016,1.002,1.014,1.002,1.012,0.902,0.956,0.961,1.006,0.984,0.97,1.063,1.046,0.936,1.026,1.071
"590",2012-11-01 02:15:00,1.038,1.047,1.025,0.932,1.012,1.023,1.009,1.019,1.009,1.022,0.907,0.96,0.974,1.011,0.99,0.977,1.069,1.056,0.944,1.036,1.076
"591",2012-11-01 02:25:00,1.043,1.05,1.032,0.938,1.016,1.03,1.015,1.021,1.016,1.03,0.911,0.965,0.982,1.015,0.995,0.979,1.073,1.057,0.948,1.042,1.079
"592",2012-11-01 02:35:00,1.037,1.045,1.028,0.936,1.011,1.03,1.01,1.016,1.013,1.028,0.909,0.961,0.98,1.007,0.994,0.973,1.067,1.052,0.949,1.037,1.073
"593",2012-11-01 02:45:00,1.023,1.031,1.019,0.924,0.996,1.018,0.996,1.002,1,1.019,0.896,0.946,0.97,0.992,0.983,0.961,1.051,1.041,0.939,1.027,1.059
"594",2012-11-01 02:55:00,1.005,1.013,1.004,0.906,0.977,1,0.976,0.982,0.981,1.003,0.877,0.927,0.954,0.972,0.966,0.942,1.032,1.018,0.921,1.011,1.039
"595",2012-11-01 03:05:00,0.977,0.988,0.978,0.881,0.952,0.977,0.947,0.956,0.956,0.979,0.852,0.9,0.932,0.943,0.943,0.914,1.003,0.99,0.9,0.983,1.012
"596",2012-11-01 03:15:00,0.943,0.954,0.949,0.849,0.92,0.946,0.913,0.922,0.923,0.948,0.822,0.868,0.9,0.907,0.912,0.88,0.969,0.956,0.872,0.951,0.978
"597",2012-11-01 03:25:00,0.902,0.915,0.914,0.809,0.88,0.906,0.873,0.883,0.882,0.91,0.786,0.829,0.862,0.868,0.874,0.838,0.929,0.917,0.837,0.913,0.937
"598",2012-11-01 03:35:00,0.854,0.87,0.873,0.763,0.834,0.857,0.825,0.838,0.834,0.865,0.742,0.782,0.817,0.824,0.831,0.793,0.884,0.873,0.794,0.867,0.891
"599",2012-11-01 03:45:00,0.804,0.821,0.826,0.712,0.784,0.804,0.772,0.788,0.783,0.816,0.695,0.731,0.765,0.774,0.784,0.744,0.834,0.823,0.745,0.817,0.84
"600",2012-11-01 03:55:00,0.75,0.771,0.777,0.66,0.733,0.751,0.719,0.738,0.731,0.766,0.646,0.68,0.716,0.723,0.733,0.696,0.78,0.772,0.697,0.767,0.786
"601",2012-11-01 04:05:00,0.692,0.718,0.727,0.606,0.681,0.698,0.665,0.685,0.678,0.714,0.596,0.628,0.663,0.669,0.678,0.645,0.723,0.717,0.644,0.714,0.73
"602",2012-11-01 04:15:00,0.637,0.665,0.676,0.552,0.628,0.643,0.611,0.632,0.624,0.658,0.548,0.576,0.609,0.616,0.624,0.593,0.671,0.664,0.591,0.662,0.676
"603",2012-11-01 04:25:00,0.581,0.611,0.624,0.494,0.572,0.583,0.554,0.577,0.565,0.602,0.496,0.522,0.552,0.563,0.568,0.54,0.615,0.607,0.532,0.607,0.619
"604",2012-11-01 04:35:00,0.524,0.556,0.57,0.433,0.516,0.523,0.498,0.522,0.507,0.544,0.443,0.468,0.494,0.508,0.512,0.487,0.557,0.547,0.472,0.55,0.561
"605",2012-11-01 04:45:00,0.465,0.497,0.516,0.373,0.459,0.464,0.441,0.465,0.45,0.486,0.389,0.413,0.438,0.451,0.455,0.431,0.498,0.489,0.413,0.494,0.503
"606",2012-11-01 04:55:00,0.408,0.44,0.464,0.316,0.405,0.407,0.389,0.41,0.395,0.431,0.335,0.359,0.381,0.395,0.398,0.375,0.443,0.431,0.354,0.44,0.447
"607",2012-11-01 05:05:00,0.353,0.382,0.408,0.256,0.349,0.348,0.335,0.354,0.338,0.374,0.282,0.305,0.321,0.339,0.34,0.317,0.388,0.372,0.295,0.384,0.389
"608",2012-11-01 05:15:00,0.295,0.322,0.349,0.197,0.29,0.287,0.277,0.296,0.277,0.313,0.226,0.247,0.261,0.281,0.282,0.258,0.329,0.309,0.236,0.326,0.329
"609",2012-11-01 05:25:00,0.237,0.264,0.292,0.138,0.233,0.224,0.219,0.237,0.217,0.253,0.169,0.189,0.204,0.223,0.223,0.199,0.271,0.245,0.175,0.27,0.269
"610",2012-11-01 05:35:00,0.181,0.207,0.234,0.081,0.177,0.165,0.164,0.178,0.16,0.196,0.112,0.134,0.147,0.167,0.167,0.141,0.214,0.183,0.115,0.212,0.21
"611",2012-11-01 05:45:00,0.124,0.148,0.175,0.024,0.12,0.106,0.108,0.119,0.103,0.138,0.056,0.078,0.088,0.108,0.11,0.084,0.158,0.122,0.057,0.153,0.15
"612",2012-11-01 05:55:00,0.068,0.089,0.117,-0.034,0.062,0.046,0.051,0.061,0.046,0.08,-0.002,0.022,0.029,0.05,0.051,0.029,0.101,0.065,-0.002,0.097,0.091
"613",2012-11-01 06:05:00,0.014,0.034,0.064,-0.088,0.007,-0.009,-0.001,0.005,-0.008,0.026,-0.057,-0.032,-0.024,-0.004,-0.005,-0.023,0.049,0.008,-0.059,0.046,0.036
"614",2012-11-01 06:15:00,-0.038,-0.019,0.01,-0.139,-0.045,-0.063,-0.052,-0.049,-0.059,-0.026,-0.109,-0.084,-0.074,-0.055,-0.058,-0.071,-0.003,-0.047,-0.112,-0.006,-0.018
"615",2012-11-01 06:25:00,-0.088,-0.069,-0.041,-0.189,-0.095,-0.114,-0.101,-0.101,-0.107,-0.077,-0.16,-0.133,-0.122,-0.105,-0.109,-0.116,-0.052,-0.095,-0.162,-0.057,-0.068
"616",2012-11-01 06:35:00,-0.13,-0.112,-0.084,-0.235,-0.139,-0.159,-0.143,-0.144,-0.15,-0.12,-0.207,-0.177,-0.165,-0.148,-0.154,-0.158,-0.094,-0.138,-0.207,-0.099,-0.11
"617",2012-11-01 06:45:00,-0.167,-0.151,-0.123,-0.273,-0.177,-0.197,-0.18,-0.181,-0.188,-0.158,-0.246,-0.213,-0.202,-0.186,-0.194,-0.196,-0.132,-0.177,-0.246,-0.136,-0.148
"618",2012-11-01 06:55:00,-0.201,-0.185,-0.158,-0.306,-0.212,-0.231,-0.213,-0.216,-0.222,-0.193,-0.281,-0.246,-0.235,-0.221,-0.231,-0.229,-0.165,-0.212,-0.281,-0.17,-0.181
"619",2012-11-01 07:05:00,-0.231,-0.217,-0.191,-0.338,-0.244,-0.263,-0.244,-0.248,-0.254,-0.224,-0.314,-0.278,-0.266,-0.253,-0.264,-0.26,-0.194,-0.246,-0.315,-0.202,-0.213
"620",2012-11-01 07:15:00,-0.259,-0.246,-0.222,-0.366,-0.274,-0.292,-0.272,-0.277,-0.282,-0.254,-0.344,-0.307,-0.294,-0.283,-0.295,-0.288,-0.223,-0.274,-0.344,-0.232,-0.241
"621",2012-11-01 07:25:00,-0.282,-0.271,-0.245,-0.39,-0.298,-0.315,-0.295,-0.301,-0.304,-0.277,-0.371,-0.332,-0.317,-0.308,-0.321,-0.313,-0.246,-0.296,-0.367,-0.255,-0.261
"622",2012-11-01 07:35:00,-0.3,-0.291,-0.265,-0.409,-0.315,-0.333,-0.315,-0.319,-0.322,-0.295,-0.394,-0.354,-0.336,-0.328,-0.342,-0.336,-0.265,-0.318,-0.384,-0.273,-0.279
"623",2012-11-01 07:45:00,-0.315,-0.309,-0.282,-0.423,-0.332,-0.346,-0.329,-0.335,-0.336,-0.307,-0.411,-0.369,-0.35,-0.345,-0.359,-0.354,-0.277,-0.338,-0.397,-0.289,-0.295
"624",2012-11-01 07:55:00,-0.33,-0.327,-0.299,-0.436,-0.348,-0.36,-0.343,-0.351,-0.35,-0.32,-0.427,-0.383,-0.364,-0.36,-0.375,-0.369,-0.289,-0.356,-0.411,-0.305,-0.309
"625",2012-11-01 08:05:00,-0.342,-0.342,-0.311,-0.446,-0.361,-0.371,-0.354,-0.364,-0.359,-0.33,-0.441,-0.397,-0.374,-0.371,-0.387,-0.38,-0.299,-0.367,-0.42,-0.318,-0.32
"626",2012-11-01 08:15:00,-0.347,-0.351,-0.315,-0.449,-0.368,-0.375,-0.36,-0.371,-0.361,-0.332,-0.45,-0.404,-0.378,-0.378,-0.394,-0.384,-0.304,-0.37,-0.423,-0.323,-0.323
"627",2012-11-01 08:25:00,-0.345,-0.35,-0.311,-0.445,-0.366,-0.37,-0.357,-0.369,-0.355,-0.325,-0.451,-0.404,-0.373,-0.375,-0.395,-0.381,-0.301,-0.37,-0.421,-0.321,-0.32
"628",2012-11-01 08:35:00,-0.338,-0.346,-0.305,-0.434,-0.359,-0.357,-0.348,-0.361,-0.343,-0.314,-0.443,-0.394,-0.361,-0.365,-0.387,-0.371,-0.291,-0.364,-0.408,-0.312,-0.315
"629",2012-11-01 08:45:00,-0.326,-0.338,-0.291,-0.415,-0.348,-0.34,-0.332,-0.35,-0.326,-0.298,-0.428,-0.378,-0.343,-0.351,-0.374,-0.351,-0.274,-0.351,-0.392,-0.298,-0.303
"630",2012-11-01 08:55:00,-0.304,-0.321,-0.268,-0.39,-0.328,-0.316,-0.306,-0.331,-0.301,-0.273,-0.404,-0.354,-0.316,-0.328,-0.354,-0.322,-0.251,-0.328,-0.37,-0.276,-0.282
"631",2012-11-01 09:05:00,-0.275,-0.295,-0.236,-0.354,-0.3,-0.283,-0.274,-0.302,-0.265,-0.241,-0.372,-0.322,-0.281,-0.296,-0.323,-0.285,-0.222,-0.294,-0.337,-0.245,-0.252
"632",2012-11-01 09:15:00,-0.235,-0.259,-0.193,-0.31,-0.261,-0.241,-0.232,-0.263,-0.218,-0.198,-0.332,-0.283,-0.237,-0.255,-0.284,-0.24,-0.183,-0.253,-0.295,-0.203,-0.209
"633",2012-11-01 09:25:00,-0.183,-0.211,-0.139,-0.256,-0.208,-0.187,-0.176,-0.209,-0.16,-0.142,-0.281,-0.232,-0.179,-0.2,-0.233,-0.187,-0.131,-0.206,-0.242,-0.149,-0.158
"634",2012-11-01 09:35:00,-0.125,-0.157,-0.083,-0.192,-0.152,-0.124,-0.112,-0.152,-0.099,-0.082,-0.219,-0.172,-0.116,-0.139,-0.172,-0.127,-0.073,-0.153,-0.181,-0.092,-0.105
"635",2012-11-01 09:45:00,-0.063,-0.099,-0.021,-0.122,-0.092,-0.059,-0.044,-0.092,-0.032,-0.018,-0.15,-0.107,-0.05,-0.076,-0.107,-0.06,-0.01,-0.094,-0.117,-0.031,-0.044
"636",2012-11-01 09:55:00,0.006,-0.031,0.048,-0.049,-0.026,0.011,0.027,-0.025,0.04,0.052,-0.078,-0.038,0.022,-0.006,-0.037,0.011,0.057,-0.026,-0.047,0.038,0.024
"637",2012-11-01 10:05:00,0.082,0.041,0.122,0.029,0.048,0.089,0.106,0.049,0.118,0.128,-0.001,0.036,0.101,0.07,0.04,0.086,0.13,0.046,0.03,0.113,0.098
"638",2012-11-01 10:15:00,0.161,0.119,0.2,0.11,0.126,0.17,0.187,0.125,0.201,0.209,0.079,0.115,0.182,0.149,0.121,0.162,0.208,0.119,0.112,0.191,0.175
"639",2012-11-01 10:25:00,0.24,0.198,0.277,0.19,0.204,0.247,0.267,0.202,0.279,0.285,0.161,0.194,0.261,0.227,0.204,0.24,0.283,0.193,0.192,0.268,0.251
"640",2012-11-01 10:35:00,0.318,0.274,0.351,0.269,0.28,0.325,0.345,0.274,0.355,0.361,0.243,0.272,0.34,0.303,0.284,0.318,0.358,0.268,0.27,0.342,0.324
"641",2012-11-01 10:45:00,0.391,0.346,0.426,0.345,0.353,0.398,0.419,0.344,0.429,0.433,0.323,0.348,0.416,0.378,0.359,0.394,0.427,0.342,0.345,0.414,0.398
"642",2012-11-01 10:55:00,0.464,0.422,0.5,0.418,0.428,0.47,0.492,0.416,0.503,0.508,0.396,0.421,0.493,0.452,0.434,0.469,0.496,0.416,0.421,0.489,0.473
"643",2012-11-01 11:05:00,0.534,0.494,0.571,0.486,0.499,0.538,0.561,0.486,0.573,0.577,0.469,0.492,0.564,0.522,0.506,0.54,0.563,0.484,0.494,0.56,0.542
"644",2012-11-01 11:15:00,0.602,0.565,0.638,0.554,0.567,0.604,0.628,0.552,0.639,0.642,0.541,0.562,0.632,0.591,0.576,0.611,0.627,0.548,0.564,0.627,0.606
"645",2012-11-01 11:25:00,0.668,0.633,0.701,0.62,0.634,0.667,0.692,0.617,0.7,0.704,0.611,0.629,0.697,0.658,0.646,0.679,0.686,0.61,0.631,0.692,0.668
"646",2012-11-01 11:35:00,0.728,0.695,0.76,0.679,0.695,0.725,0.748,0.677,0.756,0.76,0.676,0.691,0.754,0.717,0.709,0.743,0.743,0.67,0.693,0.753,0.727
"647",2012-11-01 11:45:00,0.788,0.757,0.819,0.735,0.754,0.782,0.804,0.736,0.812,0.814,0.737,0.749,0.809,0.774,0.768,0.805,0.797,0.729,0.753,0.811,0.787
"648",2012-11-01 11:55:00,0.846,0.817,0.872,0.786,0.813,0.835,0.857,0.796,0.863,0.865,0.794,0.804,0.861,0.829,0.826,0.861,0.847,0.781,0.812,0.865,0.843
